Plot Title: 20570524,,,
#,"Date Time, GMT+10:00","Temp, °C (LGR S/N: 20570524, SEN S/N: 20570524)","Intensity, Lux (LGR S/N: 20570524, SEN S/N: 20570524)"
68,11/6/2021 9:00,30.054,129.2
69,11/6/2021 10:00,30.356,139.9
70,11/6/2021 11:00,30.76,355.2
71,11/6/2021 12:00,31.472,1141
72,11/6/2021 13:00,31.676,850.4
73,11/6/2021 14:00,32.394,1345.5
74,11/6/2021 15:00,31.983,861.1
75,11/6/2021 16:00,32.188,1291.7
76,11/6/2021 17:00,32.188,236.8
77,11/6/2021 18:00,31.37,0
78,11/6/2021 19:00,30.154,0
79,11/6/2021 20:00,30.054,0
80,11/6/2021 21:00,30.054,0
81,11/6/2021 22:00,30.154,0
82,11/6/2021 23:00,30.154,0
83,11/7/2021 0:00,30.356,0
84,11/7/2021 1:00,30.558,0
85,11/7/2021 2:00,30.558,0
86,11/7/2021 3:00,30.558,0
87,11/7/2021 4:00,30.356,0
88,11/7/2021 5:00,29.953,0
89,11/7/2021 6:00,29.652,0
90,11/7/2021 7:00,29.752,269.1
91,11/7/2021 8:00,29.953,667.4
92,11/7/2021 9:00,30.356,333.7
93,11/7/2021 10:00,30.862,1808.3
94,11/7/2021 11:00,31.166,1636.1
95,11/7/2021 12:00,31.472,1894.5
96,11/7/2021 13:00,31.676,1162.5
97,11/7/2021 14:00,31.983,1022.6
98,11/7/2021 15:00,32.188,1173.3
99,11/7/2021 16:00,31.778,731.9
100,11/7/2021 17:00,30.963,344.4
101,11/7/2021 18:00,30.963,0
102,11/7/2021 19:00,30.558,0
103,11/7/2021 20:00,30.154,0
104,11/7/2021 21:00,30.054,0
105,11/7/2021 22:00,30.054,0
106,11/7/2021 23:00,30.154,0
107,11/8/2021 0:00,30.457,0
108,11/8/2021 1:00,30.76,0
109,11/8/2021 2:00,30.558,0
110,11/8/2021 3:00,30.356,0
111,11/8/2021 4:00,30.255,0
112,11/8/2021 5:00,30.054,0
113,11/8/2021 6:00,29.752,0
114,11/8/2021 7:00,29.853,75.3
115,11/8/2021 8:00,30.054,1044.1
116,11/8/2021 9:00,30.356,2669.5
117,11/8/2021 10:00,30.862,947.2
118,11/8/2021 11:00,30.963,1022.6
119,11/8/2021 12:00,31.268,549
120,11/8/2021 13:00,31.268,2669.5
121,11/8/2021 14:00,31.778,1550
122,11/8/2021 15:00,31.983,1808.3
123,11/8/2021 16:00,31.88,764.2
124,11/8/2021 17:00,31.676,247.6
125,11/8/2021 18:00,31.778,0
126,11/8/2021 19:00,31.574,0
127,11/8/2021 20:00,31.472,0
128,11/8/2021 21:00,31.064,0
129,11/8/2021 22:00,31.268,0
130,11/8/2021 23:00,31.268,0
131,11/9/2021 0:00,31.268,0
132,11/9/2021 1:00,31.166,0
133,11/9/2021 2:00,30.862,0
134,11/9/2021 3:00,30.76,0
135,11/9/2021 4:00,30.457,0
136,11/9/2021 5:00,30.255,0
137,11/9/2021 6:00,30.054,0
138,11/9/2021 7:00,29.853,279.9
139,11/9/2021 8:00,30.054,462.9
140,11/9/2021 9:00,30.356,226
141,11/9/2021 10:00,30.862,1550
142,11/9/2021 11:00,31.166,1022.6
143,11/9/2021 12:00,31.676,2152.8
144,11/9/2021 13:00,31.778,1001
145,11/9/2021 14:00,31.778,3100
146,11/9/2021 15:00,31.983,2152.8
147,11/9/2021 16:00,31.88,1162.5
148,11/9/2021 17:00,31.676,441.3
149,11/9/2021 18:00,31.472,0
150,11/9/2021 19:00,31.676,0
151,11/9/2021 20:00,31.268,0
152,11/9/2021 21:00,30.558,0
153,11/9/2021 22:00,30.255,0
154,11/9/2021 23:00,30.255,0
155,11/10/2021 0:00,30.356,0
156,11/10/2021 1:00,30.457,0
157,11/10/2021 2:00,30.457,0
158,11/10/2021 3:00,30.76,0
159,11/10/2021 4:00,30.457,0
160,11/10/2021 5:00,30.154,0
161,11/10/2021 6:00,29.953,0
162,11/10/2021 7:00,29.752,204.5
163,11/10/2021 8:00,29.752,322.9
164,11/10/2021 9:00,30.356,462.9
165,11/10/2021 10:00,31.064,1722.2
166,11/10/2021 11:00,31.064,549
167,11/10/2021 12:00,31.37,1345.5
168,11/10/2021 13:00,31.676,1270.1
169,11/10/2021 14:00,31.983,1808.3
170,11/10/2021 15:00,31.676,871.9
171,11/10/2021 16:00,31.778,850.4
172,11/10/2021 17:00,31.88,301.4
173,11/10/2021 18:00,31.472,0
174,11/10/2021 19:00,30.963,0
175,11/10/2021 20:00,31.064,0
176,11/10/2021 21:00,30.963,0
177,11/10/2021 22:00,30.76,0
178,11/10/2021 23:00,30.457,0
179,11/11/2021 0:00,30.154,0
180,11/11/2021 1:00,29.752,0
181,11/11/2021 2:00,29.452,0
182,11/11/2021 3:00,29.352,0
183,11/11/2021 4:00,29.152,0
184,11/11/2021 5:00,28.953,0
185,11/11/2021 6:00,28.853,0
186,11/11/2021 7:00,28.853,226
187,11/11/2021 8:00,29.053,226
188,11/11/2021 9:00,29.552,785.8
189,11/11/2021 10:00,29.953,1377.8
190,11/11/2021 11:00,29.953,409
191,11/11/2021 12:00,30.356,419.8
192,11/11/2021 13:00,30.558,366
193,11/11/2021 14:00,31.268,1377.8
194,11/11/2021 15:00,31.166,2497.2
195,11/11/2021 16:00,31.166,968.8
196,11/11/2021 17:00,30.963,409
197,11/11/2021 18:00,30.659,0
198,11/11/2021 19:00,30.054,0
199,11/11/2021 20:00,29.853,0
200,11/11/2021 21:00,29.752,0
201,11/11/2021 22:00,29.752,0
202,11/11/2021 23:00,29.652,0
203,11/12/2021 0:00,29.652,0
204,11/12/2021 1:00,29.552,0
205,11/12/2021 2:00,29.552,0
206,11/12/2021 3:00,29.552,0
207,11/12/2021 4:00,29.552,0
208,11/12/2021 5:00,29.452,0
209,11/12/2021 6:00,29.452,0
210,11/12/2021 7:00,29.452,301.4
211,11/12/2021 8:00,29.552,947.2
212,11/12/2021 9:00,29.752,645.8
213,11/12/2021 10:00,30.356,1356.3
214,11/12/2021 11:00,30.963,1808.3
215,11/12/2021 12:00,31.166,1550
216,11/12/2021 13:00,31.268,505.9
217,11/12/2021 14:00,31.37,688.9
218,11/12/2021 15:00,31.268,1377.8
219,11/12/2021 16:00,31.166,775
220,11/12/2021 17:00,30.76,129.2
221,11/12/2021 18:00,30.457,0
222,11/12/2021 19:00,30.154,0
223,11/12/2021 20:00,29.752,0
224,11/12/2021 21:00,29.552,0
225,11/12/2021 22:00,29.452,0
226,11/12/2021 23:00,29.352,0
227,11/13/2021 0:00,29.352,0
228,11/13/2021 1:00,29.252,0
229,11/13/2021 2:00,29.252,0
230,11/13/2021 3:00,29.152,0
231,11/13/2021 4:00,29.053,0
232,11/13/2021 5:00,29.053,0
233,11/13/2021 6:00,29.053,0
234,11/13/2021 7:00,28.953,139.9
235,11/13/2021 8:00,29.252,656.6
236,11/13/2021 9:00,29.652,462.9
237,11/13/2021 10:00,30.054,882.6
238,11/13/2021 11:00,30.255,2497.2
239,11/13/2021 12:00,30.862,1636.1
240,11/13/2021 13:00,31.064,904.2
241,11/13/2021 14:00,31.268,2238.9
242,11/13/2021 15:00,30.862,344.4
243,11/13/2021 16:00,30.659,279.9
244,11/13/2021 17:00,30.356,107.6
245,11/13/2021 18:00,30.457,0
246,11/13/2021 19:00,30.76,0
247,11/13/2021 20:00,30.659,0
248,11/13/2021 21:00,30.356,0
249,11/13/2021 22:00,30.054,0
250,11/13/2021 23:00,29.752,0
251,11/14/2021 0:00,29.452,0
252,11/14/2021 1:00,29.352,0
253,11/14/2021 2:00,29.352,0
254,11/14/2021 3:00,29.352,0
255,11/14/2021 4:00,29.252,0
256,11/14/2021 5:00,29.252,0
257,11/14/2021 6:00,29.252,0
258,11/14/2021 7:00,29.252,96.9
259,11/14/2021 8:00,29.252,581.3
260,11/14/2021 9:00,29.452,398.3
261,11/14/2021 10:00,30.054,1270.1
262,11/14/2021 11:00,30.457,1108.7
263,11/14/2021 12:00,30.862,796.5
264,11/14/2021 13:00,31.268,484.4
265,11/14/2021 14:00,31.472,1550
266,11/14/2021 15:00,31.676,1151.7
267,11/14/2021 16:00,31.37,161.5
268,11/14/2021 17:00,31.166,118.4
269,11/14/2021 18:00,30.963,0
270,11/14/2021 19:00,30.76,0
271,11/14/2021 20:00,30.659,0
272,11/14/2021 21:00,30.255,0
273,11/14/2021 22:00,29.953,0
274,11/14/2021 23:00,29.752,0
275,11/15/2021 0:00,29.452,0
276,11/15/2021 1:00,29.252,0
277,11/15/2021 2:00,29.053,0
278,11/15/2021 3:00,29.053,0
279,11/15/2021 4:00,28.953,0
280,11/15/2021 5:00,28.853,0
281,11/15/2021 6:00,28.853,0
282,11/15/2021 7:00,28.953,118.4
283,11/15/2021 8:00,29.152,710.4
284,11/15/2021 9:00,29.552,1044.1
285,11/15/2021 10:00,30.054,990.3
286,11/15/2021 11:00,30.457,1722.2
287,11/15/2021 12:00,30.659,2325
288,11/15/2021 13:00,31.064,1377.8
289,11/15/2021 14:00,31.88,742.7
290,11/15/2021 15:00,31.37,1808.3
291,11/15/2021 16:00,30.76,452.1
292,11/15/2021 17:00,30.659,581.3
293,11/15/2021 18:00,30.659,0
294,11/15/2021 19:00,30.457,0
295,11/15/2021 20:00,30.457,0
296,11/15/2021 21:00,30.558,0
297,11/15/2021 22:00,30.457,0
298,11/15/2021 23:00,30.255,0
299,11/16/2021 0:00,30.154,0
300,11/16/2021 1:00,30.054,0
301,11/16/2021 2:00,29.953,0
302,11/16/2021 3:00,29.953,0
303,11/16/2021 4:00,29.552,0
304,11/16/2021 5:00,29.352,0
305,11/16/2021 6:00,29.352,0
306,11/16/2021 7:00,29.552,32.3
307,11/16/2021 8:00,29.452,43.1
308,11/16/2021 9:00,29.352,96.9
309,11/16/2021 10:00,29.452,279.9
310,11/16/2021 11:00,29.652,893.4
311,11/16/2021 12:00,29.452,269.1
312,11/16/2021 13:00,29.552,688.9
313,11/16/2021 14:00,30.054,1087.2
314,11/16/2021 15:00,30.356,1141
315,11/16/2021 16:00,30.054,269.1
316,11/16/2021 17:00,30.054,129.2
317,11/16/2021 18:00,29.953,0
318,11/16/2021 19:00,29.652,0
319,11/16/2021 20:00,29.552,0
320,11/16/2021 21:00,29.552,0
321,11/16/2021 22:00,29.552,0
322,11/16/2021 23:00,29.552,0
323,11/17/2021 0:00,29.552,0
324,11/17/2021 1:00,29.452,0
325,11/17/2021 2:00,29.352,0
326,11/17/2021 3:00,29.152,0
327,11/17/2021 4:00,29.053,0
328,11/17/2021 5:00,29.452,0
329,11/17/2021 6:00,29.452,0
330,11/17/2021 7:00,29.352,32.3
331,11/17/2021 8:00,29.452,236.8
332,11/17/2021 9:00,29.652,635.1
333,11/17/2021 10:00,29.752,828.8
334,11/17/2021 11:00,29.752,484.4
335,11/17/2021 12:00,30.255,1044.1
336,11/17/2021 13:00,30.356,495.1
337,11/17/2021 14:00,30.659,473.6
338,11/17/2021 15:00,30.457,495.1
339,11/17/2021 16:00,30.054,258.3
340,11/17/2021 17:00,29.853,193.8
341,11/17/2021 18:00,29.853,0
342,11/17/2021 19:00,29.853,0
343,11/17/2021 20:00,29.853,0
344,11/17/2021 21:00,29.752,0
345,11/17/2021 22:00,29.853,0
346,11/17/2021 23:00,29.853,0
347,11/18/2021 0:00,29.853,0
348,11/18/2021 1:00,29.752,0
349,11/18/2021 2:00,29.552,0
350,11/18/2021 3:00,29.352,0
351,11/18/2021 4:00,29.252,0
352,11/18/2021 5:00,29.452,0
353,11/18/2021 6:00,29.552,0
354,11/18/2021 7:00,29.452,118.4
355,11/18/2021 8:00,29.552,484.4
356,11/18/2021 9:00,29.652,387.5
357,11/18/2021 10:00,30.054,1722.2
358,11/18/2021 11:00,30.356,1636.1
359,11/18/2021 12:00,30.356,753.5
360,11/18/2021 13:00,31.166,2152.8
361,11/18/2021 14:00,31.37,1280.9
362,11/18/2021 15:00,30.76,1345.5
363,11/18/2021 16:00,30.457,592
364,11/18/2021 17:00,30.054,322.9
365,11/18/2021 18:00,29.853,0
366,11/18/2021 19:00,29.752,0
367,11/18/2021 20:00,29.752,0
368,11/18/2021 21:00,29.752,0
369,11/18/2021 22:00,29.652,0
370,11/18/2021 23:00,29.652,0
371,11/19/2021 0:00,29.652,0
372,11/19/2021 1:00,29.652,0
373,11/19/2021 2:00,29.452,0
374,11/19/2021 3:00,29.152,0
375,11/19/2021 4:00,28.953,0
376,11/19/2021 5:00,28.953,0
377,11/19/2021 6:00,29.352,0
378,11/19/2021 7:00,29.552,193.8
379,11/19/2021 8:00,29.752,527.4
380,11/19/2021 9:00,29.953,1377.8
381,11/19/2021 10:00,30.255,1248.6
382,11/19/2021 11:00,30.356,1065.6
383,11/19/2021 12:00,30.659,1259.4
384,11/19/2021 13:00,31.064,2152.8
385,11/19/2021 14:00,31.166,1377.8
386,11/19/2021 15:00,31.166,1324
387,11/19/2021 16:00,30.659,710.4
388,11/19/2021 17:00,30.255,322.9
389,11/19/2021 18:00,29.853,0
390,11/19/2021 19:00,29.752,0
391,11/19/2021 20:00,29.752,0
392,11/19/2021 21:00,29.652,0
393,11/19/2021 22:00,29.652,0
394,11/19/2021 23:00,29.452,0
395,11/20/2021 0:00,29.552,0
396,11/20/2021 1:00,29.552,0
397,11/20/2021 2:00,29.452,0
398,11/20/2021 3:00,29.252,0
399,11/20/2021 4:00,28.953,0
400,11/20/2021 5:00,28.953,0
401,11/20/2021 6:00,29.152,0
402,11/20/2021 7:00,29.452,64.6
403,11/20/2021 8:00,29.652,226
404,11/20/2021 9:00,29.853,990.3
405,11/20/2021 10:00,29.853,473.6
406,11/20/2021 11:00,30.154,1227.1
407,11/20/2021 12:00,30.558,366
408,11/20/2021 13:00,31.064,1108.7
409,11/20/2021 14:00,31.166,1894.5
410,11/20/2021 15:00,31.064,721.2
411,11/20/2021 16:00,30.862,914.9
412,11/20/2021 17:00,30.255,204.5
413,11/20/2021 18:00,29.953,0
414,11/20/2021 19:00,29.752,0
415,11/20/2021 20:00,29.652,0
416,11/20/2021 21:00,29.652,0
417,11/20/2021 22:00,29.552,0
418,11/20/2021 23:00,29.652,0
419,11/21/2021 0:00,29.652,0
420,11/21/2021 1:00,29.652,0
421,11/21/2021 2:00,29.652,0
422,11/21/2021 3:00,29.452,0
423,11/21/2021 4:00,29.152,0
424,11/21/2021 5:00,28.853,0
425,11/21/2021 6:00,28.853,0
426,11/21/2021 7:00,29.053,75.3
427,11/21/2021 8:00,29.352,452.1
428,11/21/2021 9:00,29.552,592
429,11/21/2021 10:00,29.853,1076.4
430,11/21/2021 11:00,30.457,2411.1
431,11/21/2021 12:00,30.862,1636.1
432,11/21/2021 13:00,31.064,785.8
433,11/21/2021 14:00,31.166,1550
434,11/21/2021 15:00,31.064,753.5
435,11/21/2021 16:00,30.862,764.2
436,11/21/2021 17:00,30.054,495.1
437,11/21/2021 18:00,29.853,0
438,11/21/2021 19:00,29.752,0
439,11/21/2021 20:00,29.752,0
440,11/21/2021 21:00,29.752,0
441,11/21/2021 22:00,29.752,0
442,11/21/2021 23:00,29.652,0
443,11/22/2021 0:00,29.652,0
444,11/22/2021 1:00,29.552,0
445,11/22/2021 2:00,29.552,0
446,11/22/2021 3:00,29.452,0
447,11/22/2021 4:00,29.053,0
448,11/22/2021 5:00,28.853,0
449,11/22/2021 6:00,29.152,0
450,11/22/2021 7:00,29.452,139.9
451,11/22/2021 8:00,29.552,236.8
452,11/22/2021 9:00,29.953,1054.9
453,11/22/2021 10:00,30.154,1205.6
454,11/22/2021 11:00,30.054,409
455,11/22/2021 12:00,30.558,1237.9
456,11/22/2021 13:00,30.76,775
457,11/22/2021 14:00,30.862,850.4
458,11/22/2021 15:00,31.166,1377.8
459,11/22/2021 16:00,30.558,344.4
460,11/22/2021 17:00,30.154,118.4
461,11/22/2021 18:00,30.154,0
462,11/22/2021 19:00,29.853,0
463,11/22/2021 20:00,29.652,0
464,11/22/2021 21:00,29.652,0
465,11/22/2021 22:00,29.652,0
466,11/22/2021 23:00,29.652,0
467,11/23/2021 0:00,29.552,0
468,11/23/2021 1:00,29.552,0
469,11/23/2021 2:00,29.352,0
470,11/23/2021 3:00,29.352,0
471,11/23/2021 4:00,29.252,0
472,11/23/2021 5:00,28.953,0
473,11/23/2021 6:00,28.754,0
474,11/23/2021 7:00,29.053,53.8
475,11/23/2021 8:00,29.452,269.1
476,11/23/2021 9:00,29.853,473.6
477,11/23/2021 10:00,30.154,1463.9
478,11/23/2021 11:00,30.457,721.2
479,11/23/2021 12:00,30.356,1722.2
480,11/23/2021 13:00,30.255,1324
481,11/23/2021 14:00,30.76,1044.1
482,11/23/2021 15:00,30.963,1808.3
483,11/23/2021 16:00,30.356,43.1
484,11/23/2021 17:00,29.953,32.3
485,11/23/2021 18:00,29.652,0
486,11/23/2021 19:00,29.552,0
487,11/23/2021 20:00,29.552,0
488,11/23/2021 21:00,29.552,0
489,11/23/2021 22:00,29.552,0
490,11/23/2021 23:00,29.552,0
491,11/24/2021 0:00,29.452,0
492,11/24/2021 1:00,29.352,0
493,11/24/2021 2:00,29.352,0
494,11/24/2021 3:00,29.252,0
495,11/24/2021 4:00,29.152,0
496,11/24/2021 5:00,29.053,0
497,11/24/2021 6:00,28.853,0
498,11/24/2021 7:00,29.152,107.6
499,11/24/2021 8:00,29.652,322.9
500,11/24/2021 9:00,29.853,1550
501,11/24/2021 10:00,30.255,721.2
502,11/24/2021 11:00,30.558,505.9
503,11/24/2021 12:00,30.76,1722.2
504,11/24/2021 13:00,30.76,1087.2
505,11/24/2021 14:00,30.76,1259.4
506,11/24/2021 15:00,30.862,958
507,11/24/2021 16:00,30.558,656.6
508,11/24/2021 17:00,30.054,247.6
509,11/24/2021 18:00,29.752,0
510,11/24/2021 19:00,29.652,0
511,11/24/2021 20:00,29.552,0
512,11/24/2021 21:00,29.552,0
513,11/24/2021 22:00,29.552,0
514,11/24/2021 23:00,29.552,0
515,11/25/2021 0:00,29.552,0
516,11/25/2021 1:00,29.452,0
517,11/25/2021 2:00,29.252,0
518,11/25/2021 3:00,29.053,0
519,11/25/2021 4:00,28.953,0
520,11/25/2021 5:00,28.853,0
521,11/25/2021 6:00,28.754,0
522,11/25/2021 7:00,28.555,312.2
523,11/25/2021 8:00,29.053,258.3
524,11/25/2021 9:00,29.652,1894.5
525,11/25/2021 10:00,30.154,990.3
526,11/25/2021 11:00,30.356,1334.7
527,11/25/2021 12:00,30.457,2066.7
528,11/25/2021 13:00,30.457,1894.5
529,11/25/2021 14:00,30.558,355.2
530,11/25/2021 15:00,30.659,172.2
531,11/25/2021 16:00,30.76,312.2
532,11/25/2021 17:00,30.659,96.9
533,11/25/2021 18:00,30.356,0
534,11/25/2021 19:00,29.953,0
535,11/25/2021 20:00,29.552,0
536,11/25/2021 21:00,29.452,0
537,11/25/2021 22:00,29.452,0
538,11/25/2021 23:00,29.352,0
539,11/26/2021 0:00,29.252,0
540,11/26/2021 1:00,29.152,0
541,11/26/2021 2:00,29.152,0
542,11/26/2021 3:00,29.053,0
543,11/26/2021 4:00,29.053,0
544,11/26/2021 5:00,29.053,0
545,11/26/2021 6:00,28.953,0
546,11/26/2021 7:00,28.953,53.8
547,11/26/2021 8:00,29.152,139.9
548,11/26/2021 9:00,29.452,236.8
549,11/26/2021 10:00,29.652,419.8
550,11/26/2021 11:00,30.054,269.1
551,11/26/2021 12:00,30.558,839.6
552,11/26/2021 13:00,30.76,1162.5
553,11/26/2021 14:00,30.457,430.6
554,11/26/2021 15:00,30.356,172.2
555,11/26/2021 16:00,30.154,484.4
556,11/26/2021 17:00,29.752,118.4
557,11/26/2021 18:00,29.552,0
558,11/26/2021 19:00,29.452,0
559,11/26/2021 20:00,29.352,0
560,11/26/2021 21:00,29.252,0
561,11/26/2021 22:00,29.252,0
562,11/26/2021 23:00,29.252,0
563,11/27/2021 0:00,29.252,0
564,11/27/2021 1:00,29.252,0
565,11/27/2021 2:00,29.252,0
566,11/27/2021 3:00,29.152,0
567,11/27/2021 4:00,29.053,0
568,11/27/2021 5:00,28.953,0
569,11/27/2021 6:00,28.953,0
570,11/27/2021 7:00,28.853,75.3
571,11/27/2021 8:00,28.953,462.9
572,11/27/2021 9:00,29.152,290.6
573,11/27/2021 10:00,29.652,409
574,11/27/2021 11:00,30.154,850.4
575,11/27/2021 12:00,30.457,893.4
576,11/27/2021 13:00,30.76,301.4
577,11/27/2021 14:00,31.064,1345.5
578,11/27/2021 15:00,30.963,904.2
579,11/27/2021 16:00,30.963,441.3
580,11/27/2021 17:00,30.558,183
581,11/27/2021 18:00,30.154,0
582,11/27/2021 19:00,29.752,0
583,11/27/2021 20:00,29.552,0
584,11/27/2021 21:00,29.352,0
585,11/27/2021 22:00,29.252,0
586,11/27/2021 23:00,29.053,0
587,11/28/2021 0:00,29.053,0
588,11/28/2021 1:00,29.053,0
589,11/28/2021 2:00,29.053,0
590,11/28/2021 3:00,28.953,0
591,11/28/2021 4:00,28.953,0
592,11/28/2021 5:00,28.953,0
593,11/28/2021 6:00,28.853,0
594,11/28/2021 7:00,28.853,53.8
595,11/28/2021 8:00,28.853,161.5
596,11/28/2021 9:00,28.953,441.3
597,11/28/2021 10:00,29.252,581.3
598,11/28/2021 11:00,29.252,419.8
599,11/28/2021 12:00,29.352,484.4
600,11/28/2021 13:00,29.352,398.3
601,11/28/2021 14:00,29.352,215.3
602,11/28/2021 15:00,29.352,247.6
603,11/28/2021 16:00,29.352,172.2
604,11/28/2021 17:00,29.352,32.3
605,11/28/2021 18:00,29.252,0
606,11/28/2021 19:00,29.352,0
607,11/28/2021 20:00,29.252,0
608,11/28/2021 21:00,29.152,0
609,11/28/2021 22:00,29.053,0
610,11/28/2021 23:00,28.953,0
611,11/29/2021 0:00,28.655,0
612,11/29/2021 1:00,28.456,0
613,11/29/2021 2:00,28.456,0
614,11/29/2021 3:00,28.555,0
615,11/29/2021 4:00,28.456,0
616,11/29/2021 5:00,28.456,0
617,11/29/2021 6:00,28.258,0
618,11/29/2021 7:00,28.258,10.8
619,11/29/2021 8:00,28.159,0
620,11/29/2021 9:00,28.357,21.5
621,11/29/2021 10:00,28.655,86.1
622,11/29/2021 11:00,28.953,333.7
623,11/29/2021 12:00,29.352,193.8
624,11/29/2021 13:00,29.552,258.3
625,11/29/2021 14:00,29.452,96.9
626,11/29/2021 15:00,29.552,172.2
627,11/29/2021 16:00,29.452,53.8
628,11/29/2021 17:00,29.452,21.5
629,11/29/2021 18:00,29.352,0
630,11/29/2021 19:00,29.152,0
631,11/29/2021 20:00,29.252,0
632,11/29/2021 21:00,29.053,0
633,11/29/2021 22:00,28.953,0
634,11/29/2021 23:00,28.953,0
635,11/30/2021 0:00,29.053,0
636,11/30/2021 1:00,29.053,0
637,11/30/2021 2:00,29.053,0
638,11/30/2021 3:00,29.152,0
639,11/30/2021 4:00,29.152,0
640,11/30/2021 5:00,29.053,0
641,11/30/2021 6:00,29.053,0
642,11/30/2021 7:00,29.053,21.5
643,11/30/2021 8:00,29.053,183
644,11/30/2021 9:00,29.252,312.2
645,11/30/2021 10:00,29.652,538.2
646,11/30/2021 11:00,29.953,688.9
647,11/30/2021 12:00,30.255,882.6
648,11/30/2021 13:00,30.659,1302.4
649,11/30/2021 14:00,30.76,419.8
650,11/30/2021 15:00,30.457,236.8
651,11/30/2021 16:00,29.953,172.2
652,11/30/2021 17:00,29.752,75.3
653,11/30/2021 18:00,29.552,0
654,11/30/2021 19:00,29.452,0
655,11/30/2021 20:00,29.352,0
656,11/30/2021 21:00,29.252,0
657,11/30/2021 22:00,29.352,0
658,11/30/2021 23:00,29.352,0
659,12/1/2021 0:00,29.252,0
660,12/1/2021 1:00,29.252,0
661,12/1/2021 2:00,29.252,0
662,12/1/2021 3:00,29.252,0
663,12/1/2021 4:00,29.352,0
664,12/1/2021 5:00,29.252,0
665,12/1/2021 6:00,29.252,0
666,12/1/2021 7:00,29.152,0
667,12/1/2021 8:00,29.252,75.3
668,12/1/2021 9:00,29.452,387.5
669,12/1/2021 10:00,29.552,150.7
670,12/1/2021 11:00,29.853,602.8
671,12/1/2021 12:00,30.054,678.1
672,12/1/2021 13:00,30.255,559.7
673,12/1/2021 14:00,30.255,753.5
674,12/1/2021 15:00,30.154,118.4
675,12/1/2021 16:00,29.953,150.7
676,12/1/2021 17:00,29.752,32.3
677,12/1/2021 18:00,29.352,0
678,12/1/2021 19:00,29.152,0
679,12/1/2021 20:00,29.152,0
680,12/1/2021 21:00,29.252,0
681,12/1/2021 22:00,29.252,0
682,12/1/2021 23:00,29.152,0
683,12/2/2021 0:00,29.152,0
684,12/2/2021 1:00,29.152,0
685,12/2/2021 2:00,29.152,0
686,12/2/2021 3:00,29.053,0
687,12/2/2021 4:00,29.152,0
688,12/2/2021 5:00,29.252,0
689,12/2/2021 6:00,29.152,0
690,12/2/2021 7:00,29.152,43.1
691,12/2/2021 8:00,29.352,269.1
692,12/2/2021 9:00,29.552,462.9
693,12/2/2021 10:00,29.953,570.5
694,12/2/2021 11:00,30.255,1033.3
695,12/2/2021 12:00,30.255,645.8
696,12/2/2021 13:00,30.457,516.7
697,12/2/2021 14:00,30.659,785.8
698,12/2/2021 15:00,30.457,667.4
699,12/2/2021 16:00,30.154,505.9
700,12/2/2021 17:00,29.752,204.5
701,12/2/2021 18:00,29.452,0
702,12/2/2021 19:00,29.252,0
703,12/2/2021 20:00,29.152,0
704,12/2/2021 21:00,29.053,0
705,12/2/2021 22:00,28.953,0
706,12/2/2021 23:00,28.853,0
707,12/3/2021 0:00,28.555,0
708,12/3/2021 1:00,28.555,0
709,12/3/2021 2:00,28.655,0
710,12/3/2021 3:00,28.754,0
711,12/3/2021 4:00,28.655,0
712,12/3/2021 5:00,28.555,0
713,12/3/2021 6:00,28.357,0
714,12/3/2021 7:00,28.456,53.8
715,12/3/2021 8:00,28.655,150.7
716,12/3/2021 9:00,28.953,613.5
717,12/3/2021 10:00,29.552,624.3
718,12/3/2021 11:00,30.054,462.9
719,12/3/2021 12:00,30.356,441.3
720,12/3/2021 13:00,30.76,1980.6
721,12/3/2021 14:00,30.862,710.4
722,12/3/2021 15:00,30.457,1194.8
723,12/3/2021 16:00,30.054,441.3
724,12/3/2021 17:00,29.752,193.8
725,12/3/2021 18:00,29.452,0
726,12/3/2021 19:00,29.352,0
727,12/3/2021 20:00,29.352,0
728,12/3/2021 21:00,29.352,0
729,12/3/2021 22:00,29.352,0
730,12/3/2021 23:00,29.352,0
731,12/4/2021 0:00,29.252,0
732,12/4/2021 1:00,29.252,0
733,12/4/2021 2:00,29.152,0
734,12/4/2021 3:00,29.152,0
735,12/4/2021 4:00,29.252,0
736,12/4/2021 5:00,29.252,0
737,12/4/2021 6:00,29.252,0
738,12/4/2021 7:00,29.252,21.5
739,12/4/2021 8:00,29.352,172.2
740,12/4/2021 9:00,29.452,484.4
741,12/4/2021 10:00,29.652,602.8
742,12/4/2021 11:00,29.853,1033.3
743,12/4/2021 12:00,30.054,1291.7
744,12/4/2021 13:00,30.054,1054.9
745,12/4/2021 14:00,29.853,1022.6
746,12/4/2021 15:00,29.853,721.2
747,12/4/2021 16:00,29.652,419.8
748,12/4/2021 17:00,29.552,107.6
749,12/4/2021 18:00,29.552,0
750,12/4/2021 19:00,29.452,0
751,12/4/2021 20:00,29.452,0
752,12/4/2021 21:00,29.452,0
753,12/4/2021 22:00,29.352,0
754,12/4/2021 23:00,29.352,0
755,12/5/2021 0:00,29.352,0
756,12/5/2021 1:00,29.252,0
757,12/5/2021 2:00,29.152,0
758,12/5/2021 3:00,29.152,0
759,12/5/2021 4:00,29.152,0
760,12/5/2021 5:00,29.252,0
761,12/5/2021 6:00,29.252,0
762,12/5/2021 7:00,29.352,53.8
763,12/5/2021 8:00,29.452,193.8
764,12/5/2021 9:00,29.552,581.3
765,12/5/2021 10:00,29.752,775
766,12/5/2021 11:00,29.752,925.7
767,12/5/2021 12:00,29.652,226
768,12/5/2021 13:00,29.652,570.5
769,12/5/2021 14:00,29.652,215.3
770,12/5/2021 15:00,29.752,785.8
771,12/5/2021 16:00,29.652,495.1
772,12/5/2021 17:00,29.452,172.2
773,12/5/2021 18:00,29.352,0
774,12/5/2021 19:00,29.352,0
775,12/5/2021 20:00,29.252,0
776,12/5/2021 21:00,29.352,0
777,12/5/2021 22:00,29.252,0
778,12/5/2021 23:00,29.252,0
779,12/6/2021 0:00,29.152,0
780,12/6/2021 1:00,29.053,0
781,12/6/2021 2:00,29.053,0
782,12/6/2021 3:00,28.853,0
783,12/6/2021 4:00,28.754,0
784,12/6/2021 5:00,28.953,0
785,12/6/2021 6:00,29.152,0
786,12/6/2021 7:00,29.252,86.1
787,12/6/2021 8:00,29.352,107.6
788,12/6/2021 9:00,29.552,473.6
789,12/6/2021 10:00,29.652,2669.5
790,12/6/2021 11:00,29.652,258.3
791,12/6/2021 12:00,29.752,355.2
792,12/6/2021 13:00,29.953,1108.7
793,12/6/2021 14:00,30.054,785.8
794,12/6/2021 15:00,29.953,667.4
795,12/6/2021 16:00,29.853,301.4
796,12/6/2021 17:00,29.752,215.3
797,12/6/2021 18:00,29.452,0
798,12/6/2021 19:00,29.352,0
799,12/6/2021 20:00,29.252,0
800,12/6/2021 21:00,29.252,0
801,12/6/2021 22:00,29.252,0
802,12/6/2021 23:00,29.152,0
803,12/7/2021 0:00,29.152,0
804,12/7/2021 1:00,28.953,0
805,12/7/2021 2:00,28.655,0
806,12/7/2021 3:00,28.258,0
807,12/7/2021 4:00,28.159,0
808,12/7/2021 5:00,28.06,0
809,12/7/2021 6:00,28.06,0
810,12/7/2021 7:00,28.655,75.3
811,12/7/2021 8:00,28.456,247.6
812,12/7/2021 9:00,28.953,290.6
813,12/7/2021 10:00,29.252,710.4
814,12/7/2021 11:00,29.652,1248.6
815,12/7/2021 12:00,29.652,505.9
816,12/7/2021 13:00,29.953,1054.9
817,12/7/2021 14:00,30.154,645.8
818,12/7/2021 15:00,30.255,505.9
819,12/7/2021 16:00,30.255,764.2
820,12/7/2021 17:00,30.154,279.9
821,12/7/2021 18:00,29.953,0
822,12/7/2021 19:00,29.652,0
823,12/7/2021 20:00,29.452,0
824,12/7/2021 21:00,29.252,0
825,12/7/2021 22:00,29.152,0
826,12/7/2021 23:00,29.152,0
827,12/8/2021 0:00,29.152,0
828,12/8/2021 1:00,28.953,0
829,12/8/2021 2:00,28.853,0
830,12/8/2021 3:00,28.655,0
831,12/8/2021 4:00,28.456,0
832,12/8/2021 5:00,28.258,0
833,12/8/2021 6:00,28.258,0
834,12/8/2021 7:00,28.159,53.8
835,12/8/2021 8:00,28.555,150.7
836,12/8/2021 9:00,28.655,366
837,12/8/2021 10:00,29.152,484.4
838,12/8/2021 11:00,29.652,1463.9
839,12/8/2021 12:00,30.054,301.4
840,12/8/2021 13:00,30.356,925.7
841,12/8/2021 14:00,30.659,871.9
842,12/8/2021 15:00,30.862,710.4
843,12/8/2021 16:00,30.76,602.8
844,12/8/2021 17:00,30.659,107.6
845,12/8/2021 18:00,30.558,0
846,12/8/2021 19:00,30.154,0
847,12/8/2021 20:00,29.853,0
848,12/8/2021 21:00,29.652,0
849,12/8/2021 22:00,29.452,0
850,12/8/2021 23:00,29.252,0
851,12/9/2021 0:00,29.152,0
852,12/9/2021 1:00,28.953,0
853,12/9/2021 2:00,28.754,0
854,12/9/2021 3:00,28.655,0
855,12/9/2021 4:00,28.456,0
856,12/9/2021 5:00,28.357,0
857,12/9/2021 6:00,28.258,0
858,12/9/2021 7:00,28.456,75.3
859,12/9/2021 8:00,28.754,516.7
860,12/9/2021 9:00,28.953,1141
861,12/9/2021 10:00,29.352,516.7
862,12/9/2021 11:00,29.853,958
863,12/9/2021 12:00,30.255,452.1
864,12/9/2021 13:00,30.659,1722.2
865,12/9/2021 14:00,30.76,495.1
866,12/9/2021 15:00,30.76,893.4
867,12/9/2021 16:00,30.659,796.5
868,12/9/2021 17:00,30.356,290.6
869,12/9/2021 18:00,30.054,0
870,12/9/2021 19:00,29.752,0
871,12/9/2021 20:00,29.452,0
872,12/9/2021 21:00,29.252,0
873,12/9/2021 22:00,29.252,0
874,12/9/2021 23:00,29.252,0
875,12/10/2021 0:00,29.252,0
876,12/10/2021 1:00,29.152,0
877,12/10/2021 2:00,29.152,0
878,12/10/2021 3:00,29.152,0
879,12/10/2021 4:00,29.053,0
880,12/10/2021 5:00,28.953,0
881,12/10/2021 6:00,28.853,0
882,12/10/2021 7:00,28.853,43.1
883,12/10/2021 8:00,28.953,699.7
884,12/10/2021 9:00,29.152,592
885,12/10/2021 10:00,29.652,828.8
886,12/10/2021 11:00,30.154,2152.8
887,12/10/2021 12:00,30.356,1550
888,12/10/2021 13:00,30.457,1130.2
889,12/10/2021 14:00,30.558,1270.1
890,12/10/2021 15:00,30.558,1130.2
891,12/10/2021 16:00,30.255,527.4
892,12/10/2021 17:00,29.953,258.3
893,12/10/2021 18:00,29.552,0
894,12/10/2021 19:00,29.352,0
895,12/10/2021 20:00,29.252,0
896,12/10/2021 21:00,29.152,0
897,12/10/2021 22:00,29.152,0
898,12/10/2021 23:00,29.152,0
899,12/11/2021 0:00,29.152,0
900,12/11/2021 1:00,29.053,0
901,12/11/2021 2:00,29.152,0
902,12/11/2021 3:00,29.053,0
903,12/11/2021 4:00,29.053,0
904,12/11/2021 5:00,29.053,0
905,12/11/2021 6:00,28.953,0
906,12/11/2021 7:00,28.953,64.6
907,12/11/2021 8:00,28.953,139.9
908,12/11/2021 9:00,29.252,505.9
909,12/11/2021 10:00,29.752,914.9
910,12/11/2021 11:00,30.154,775
911,12/11/2021 12:00,30.457,742.7
912,12/11/2021 13:00,30.356,1324
913,12/11/2021 14:00,30.255,645.8
914,12/11/2021 15:00,30.356,1237.9
915,12/11/2021 16:00,30.054,387.5
916,12/11/2021 17:00,29.853,172.2
917,12/11/2021 18:00,29.452,0
918,12/11/2021 19:00,29.352,0
919,12/11/2021 20:00,29.252,0
920,12/11/2021 21:00,29.152,0
921,12/11/2021 22:00,29.053,0
922,12/11/2021 23:00,29.053,0
923,12/12/2021 0:00,29.152,0
924,12/12/2021 1:00,29.053,0
925,12/12/2021 2:00,29.053,0
926,12/12/2021 3:00,28.953,0
927,12/12/2021 4:00,28.953,0
928,12/12/2021 5:00,28.853,0
929,12/12/2021 6:00,28.853,0
930,12/12/2021 7:00,28.853,64.6
931,12/12/2021 8:00,28.953,398.3
932,12/12/2021 9:00,29.152,366
933,12/12/2021 10:00,29.452,731.9
934,12/12/2021 11:00,29.752,1356.3
935,12/12/2021 12:00,30.154,1033.3
936,12/12/2021 13:00,30.154,861.1
937,12/12/2021 14:00,29.853,613.5
938,12/12/2021 15:00,29.853,592
939,12/12/2021 16:00,29.752,226
940,12/12/2021 17:00,29.552,183
941,12/12/2021 18:00,29.352,0
942,12/12/2021 19:00,29.252,0
943,12/12/2021 20:00,29.152,0
944,12/12/2021 21:00,29.152,0
945,12/12/2021 22:00,29.053,0
946,12/12/2021 23:00,28.953,0
947,12/13/2021 0:00,28.953,0
948,12/13/2021 1:00,28.953,0
949,12/13/2021 2:00,28.953,0
950,12/13/2021 3:00,28.953,0
951,12/13/2021 4:00,28.853,0
952,12/13/2021 5:00,28.853,0
953,12/13/2021 6:00,28.853,0
954,12/13/2021 7:00,28.754,53.8
955,12/13/2021 8:00,28.853,602.8
956,12/13/2021 9:00,29.053,1205.6
957,12/13/2021 10:00,29.452,452.1
958,12/13/2021 11:00,29.752,1151.7
959,12/13/2021 12:00,30.054,1377.8
960,12/13/2021 13:00,30.356,2152.8
961,12/13/2021 14:00,30.457,925.7
962,12/13/2021 15:00,30.457,818.1
963,12/13/2021 16:00,30.457,215.3
964,12/13/2021 17:00,30.255,139.9
965,12/13/2021 18:00,29.752,0
966,12/13/2021 19:00,29.352,0
967,12/13/2021 20:00,29.053,0
968,12/13/2021 21:00,28.853,0
969,12/13/2021 22:00,28.853,0
970,12/13/2021 23:00,28.853,0
971,12/14/2021 0:00,28.754,0
972,12/14/2021 1:00,28.655,0
973,12/14/2021 2:00,28.754,0
974,12/14/2021 3:00,28.655,0
975,12/14/2021 4:00,28.555,0
976,12/14/2021 5:00,28.655,0
977,12/14/2021 6:00,28.754,0
978,12/14/2021 7:00,28.953,53.8
979,12/14/2021 8:00,29.053,279.9
980,12/14/2021 9:00,29.152,387.5
981,12/14/2021 10:00,29.452,1313.2
982,12/14/2021 11:00,29.652,645.8
983,12/14/2021 12:00,29.853,1001
984,12/14/2021 13:00,30.154,1463.9
985,12/14/2021 14:00,30.255,1108.7
986,12/14/2021 15:00,30.356,958
987,12/14/2021 16:00,30.255,215.3
988,12/14/2021 17:00,30.255,118.4
989,12/14/2021 18:00,30.154,0
990,12/14/2021 19:00,29.853,0
991,12/14/2021 20:00,29.752,0
992,12/14/2021 21:00,29.452,0
993,12/14/2021 22:00,29.152,0
994,12/14/2021 23:00,28.853,0
995,12/15/2021 0:00,28.655,0
996,12/15/2021 1:00,28.357,0
997,12/15/2021 2:00,28.159,0
998,12/15/2021 3:00,28.159,0
999,12/15/2021 4:00,27.961,0
1000,12/15/2021 5:00,27.764,0
1001,12/15/2021 6:00,27.764,0
1002,12/15/2021 7:00,27.37,53.8
1003,12/15/2021 8:00,27.567,290.6
1004,12/15/2021 9:00,27.468,645.8
1005,12/15/2021 10:00,27.468,549
1006,12/15/2021 11:00,27.862,1377.8
1007,12/15/2021 12:00,28.258,1550
1008,12/15/2021 13:00,28.953,1184
1009,12/15/2021 14:00,29.452,495.1
1010,12/15/2021 15:00,29.152,721.2
1011,12/15/2021 16:00,29.152,516.7
1012,12/15/2021 17:00,29.053,172.2
1013,12/15/2021 18:00,28.953,0
1014,12/15/2021 19:00,28.853,0
1015,12/15/2021 20:00,28.655,0
1016,12/15/2021 21:00,28.655,0
1017,12/15/2021 22:00,28.456,0
1018,12/15/2021 23:00,28.258,0
1019,12/16/2021 0:00,28.159,0
1020,12/16/2021 1:00,28.06,0
1021,12/16/2021 2:00,27.862,0
1022,12/16/2021 3:00,27.764,0
1023,12/16/2021 4:00,27.764,0
1024,12/16/2021 5:00,28.06,0
1025,12/16/2021 6:00,27.862,0
1026,12/16/2021 7:00,28.159,64.6
1027,12/16/2021 8:00,28.555,193.8
1028,12/16/2021 9:00,28.953,398.3
1029,12/16/2021 10:00,29.352,462.9
1030,12/16/2021 11:00,29.853,1054.9
1031,12/16/2021 12:00,30.154,505.9
1032,12/16/2021 13:00,30.356,925.7
1033,12/16/2021 14:00,30.659,1270.1
1034,12/16/2021 15:00,30.76,1270.1
1035,12/16/2021 16:00,30.659,247.6
1036,12/16/2021 17:00,30.659,75.3
1037,12/16/2021 18:00,30.255,0
1038,12/16/2021 19:00,30.255,0
1039,12/16/2021 20:00,29.752,0
1040,12/16/2021 21:00,29.352,0
1041,12/16/2021 22:00,29.152,0
1042,12/16/2021 23:00,28.754,0
1043,12/17/2021 0:00,28.357,0
1044,12/17/2021 1:00,28.159,0
1045,12/17/2021 2:00,28.06,0
1046,12/17/2021 3:00,27.961,0
1047,12/17/2021 4:00,27.961,0
1048,12/17/2021 5:00,27.961,0
1049,12/17/2021 6:00,28.06,0
1050,12/17/2021 7:00,28.258,21.5
1051,12/17/2021 8:00,28.456,193.8
1052,12/17/2021 9:00,28.754,462.9
1053,12/17/2021 10:00,29.152,333.7
1054,12/17/2021 11:00,29.552,656.6
1055,12/17/2021 12:00,29.953,1087.2
1056,12/17/2021 13:00,30.154,215.3
1057,12/17/2021 14:00,30.356,710.4
1058,12/17/2021 15:00,30.558,1108.7
1059,12/17/2021 16:00,30.659,312.2
1060,12/17/2021 17:00,30.457,139.9
1061,12/17/2021 18:00,30.054,0
1062,12/17/2021 19:00,29.853,0
1063,12/17/2021 20:00,29.552,0
1064,12/17/2021 21:00,29.252,0
1065,12/17/2021 22:00,28.853,0
1066,12/17/2021 23:00,28.456,0
1067,12/18/2021 0:00,28.159,0
1068,12/18/2021 1:00,27.961,0
1069,12/18/2021 2:00,27.764,0
1070,12/18/2021 3:00,27.764,0
1071,12/18/2021 4:00,27.665,0
1072,12/18/2021 5:00,27.862,0
1073,12/18/2021 6:00,27.862,0
1074,12/18/2021 7:00,27.862,32.3
1075,12/18/2021 8:00,28.159,118.4
1076,12/18/2021 9:00,28.456,312.2
1077,12/18/2021 10:00,28.853,656.6
1078,12/18/2021 11:00,29.252,753.5
1079,12/18/2021 12:00,29.853,1216.3
1080,12/18/2021 13:00,30.255,1808.3
1081,12/18/2021 14:00,30.457,473.6
1082,12/18/2021 15:00,30.558,731.9
1083,12/18/2021 16:00,30.356,118.4
1084,12/18/2021 17:00,30.054,172.2
1085,12/18/2021 18:00,29.652,0
1086,12/18/2021 19:00,29.352,0
1087,12/18/2021 20:00,29.053,0
1088,12/18/2021 21:00,28.853,0
1089,12/18/2021 22:00,28.754,0
1090,12/18/2021 23:00,28.555,0
1091,12/19/2021 0:00,28.456,0
1092,12/19/2021 1:00,28.258,0
1093,12/19/2021 2:00,28.06,0
1094,12/19/2021 3:00,28.159,0
1095,12/19/2021 4:00,28.258,0
1096,12/19/2021 5:00,28.06,0
1097,12/19/2021 6:00,28.06,0
1098,12/19/2021 7:00,27.961,32.3
1099,12/19/2021 8:00,28.357,75.3
1100,12/19/2021 9:00,28.555,193.8
1101,12/19/2021 10:00,28.953,764.2
1102,12/19/2021 11:00,29.552,1184
1103,12/19/2021 12:00,29.752,958
1104,12/19/2021 13:00,30.356,688.9
1105,12/19/2021 14:00,30.659,1894.5
1106,12/19/2021 15:00,30.76,258.3
1107,12/19/2021 16:00,30.862,269.1
1108,12/19/2021 17:00,29.452,75.3
1109,12/19/2021 18:00,29.552,0
1110,12/19/2021 19:00,30.154,0
1111,12/19/2021 20:00,30.255,0
1112,12/19/2021 21:00,30.054,0
1113,12/19/2021 22:00,29.853,0
1114,12/19/2021 23:00,29.652,0
1115,12/20/2021 0:00,29.352,0
1116,12/20/2021 1:00,29.152,0
1117,12/20/2021 2:00,28.953,0
1118,12/20/2021 3:00,28.655,0
1119,12/20/2021 4:00,28.357,0
1120,12/20/2021 5:00,28.159,0
1121,12/20/2021 6:00,27.961,0
1122,12/20/2021 7:00,27.764,21.5
1123,12/20/2021 8:00,28.06,183
1124,12/20/2021 9:00,28.853,269.1
1125,12/20/2021 10:00,29.352,409
1126,12/20/2021 11:00,29.452,409
1127,12/20/2021 12:00,29.552,441.3
1128,12/20/2021 13:00,29.552,462.9
1129,12/20/2021 14:00,29.652,527.4
1130,12/20/2021 15:00,29.552,355.2
1131,12/20/2021 16:00,29.352,193.8
1132,12/20/2021 17:00,29.152,64.6
1133,12/20/2021 18:00,29.152,0
1134,12/20/2021 19:00,29.152,0
1135,12/20/2021 20:00,29.053,0
1136,12/20/2021 21:00,29.053,0
1137,12/20/2021 22:00,29.053,0
1138,12/20/2021 23:00,28.953,0
1139,12/21/2021 0:00,28.853,0
1140,12/21/2021 1:00,28.853,0
1141,12/21/2021 2:00,28.754,0
1142,12/21/2021 3:00,28.655,0
1143,12/21/2021 4:00,28.555,0
1144,12/21/2021 5:00,28.655,0
1145,12/21/2021 6:00,28.754,0
1146,12/21/2021 7:00,28.853,32.3
1147,12/21/2021 8:00,29.053,290.6
1148,12/21/2021 9:00,29.252,344.4
1149,12/21/2021 10:00,29.252,376.7
1150,12/21/2021 11:00,29.452,968.8
1151,12/21/2021 12:00,29.552,419.8
1152,12/21/2021 13:00,29.452,398.3
1153,12/21/2021 14:00,29.452,559.7
1154,12/21/2021 15:00,29.452,279.9
1155,12/21/2021 16:00,29.352,139.9
1156,12/21/2021 17:00,29.252,150.7
1157,12/21/2021 18:00,29.152,0
1158,12/21/2021 19:00,29.053,0
1159,12/21/2021 20:00,29.053,0
1160,12/21/2021 21:00,29.053,0
1161,12/21/2021 22:00,29.053,0
1162,12/21/2021 23:00,28.953,0
1163,12/22/2021 0:00,28.853,0
1164,12/22/2021 1:00,28.754,0
1165,12/22/2021 2:00,28.555,0
1166,12/22/2021 3:00,28.258,0
1167,12/22/2021 4:00,28.159,0
1168,12/22/2021 5:00,28.06,0
1169,12/22/2021 6:00,28.159,0
1170,12/22/2021 7:00,28.258,43.1
1171,12/22/2021 8:00,28.754,193.8
1172,12/22/2021 9:00,29.152,796.5
1173,12/22/2021 10:00,29.452,721.2
1174,12/22/2021 11:00,29.552,1076.4
1175,12/22/2021 12:00,29.752,1550
1176,12/22/2021 13:00,29.953,290.6
1177,12/22/2021 14:00,30.255,419.8
1178,12/22/2021 15:00,30.255,592
1179,12/22/2021 16:00,29.853,322.9
1180,12/22/2021 17:00,29.552,129.2
1181,12/22/2021 18:00,29.252,0
1182,12/22/2021 19:00,29.152,0
1183,12/22/2021 20:00,28.953,0
1184,12/22/2021 21:00,28.853,0
1185,12/22/2021 22:00,28.754,0
1186,12/22/2021 23:00,28.655,0
1187,12/23/2021 0:00,28.655,0
1188,12/23/2021 1:00,28.555,0
1189,12/23/2021 2:00,28.456,0
1190,12/23/2021 3:00,28.159,0
1191,12/23/2021 4:00,27.961,0
1192,12/23/2021 5:00,27.764,0
1193,12/23/2021 6:00,27.665,0
1194,12/23/2021 7:00,27.468,32.3
1195,12/23/2021 8:00,27.862,279.9
1196,12/23/2021 9:00,28.258,828.8
1197,12/23/2021 10:00,28.456,1119.5
1198,12/23/2021 11:00,28.555,473.6
1199,12/23/2021 12:00,28.853,1001
1200,12/23/2021 13:00,29.452,764.2
1201,12/23/2021 14:00,30.054,419.8
1202,12/23/2021 15:00,29.953,226
1203,12/23/2021 16:00,29.853,322.9
1204,12/23/2021 17:00,29.652,86.1
1205,12/23/2021 18:00,29.252,0
1206,12/23/2021 19:00,28.953,0
1207,12/23/2021 20:00,28.853,0
1208,12/23/2021 21:00,28.754,0
1209,12/23/2021 22:00,28.655,0
1210,12/23/2021 23:00,28.456,0
1211,12/24/2021 0:00,28.456,0
1212,12/24/2021 1:00,28.357,0
1213,12/24/2021 2:00,28.159,0
1214,12/24/2021 3:00,28.06,0
1215,12/24/2021 4:00,27.764,0
1216,12/24/2021 5:00,27.567,0
1217,12/24/2021 6:00,27.468,0
1218,12/24/2021 7:00,27.567,53.8
1219,12/24/2021 8:00,27.567,279.9
1220,12/24/2021 9:00,27.665,430.6
1221,12/24/2021 10:00,28.06,570.5
1222,12/24/2021 11:00,28.853,699.7
1223,12/24/2021 12:00,29.352,1141
1224,12/24/2021 13:00,29.452,818.1
1225,12/24/2021 14:00,29.652,549
1226,12/24/2021 15:00,29.752,226
1227,12/24/2021 16:00,29.452,290.6
1228,12/24/2021 17:00,29.853,118.4
1229,12/24/2021 18:00,29.252,0
1230,12/24/2021 19:00,28.953,0
1231,12/24/2021 20:00,28.655,0
1232,12/24/2021 21:00,28.555,0
1233,12/24/2021 22:00,28.357,0
1234,12/24/2021 23:00,28.258,0
1235,12/25/2021 0:00,28.159,0
1236,12/25/2021 1:00,27.961,0
1237,12/25/2021 2:00,27.862,0
1238,12/25/2021 3:00,27.468,0
1239,12/25/2021 4:00,27.468,0
1240,12/25/2021 5:00,27.37,0
1241,12/25/2021 6:00,27.173,0
1242,12/25/2021 7:00,26.977,53.8
1243,12/25/2021 8:00,27.075,118.4
1244,12/25/2021 9:00,27.272,247.6
1245,12/25/2021 10:00,27.567,624.3
1246,12/25/2021 11:00,28.655,279.9
1247,12/25/2021 12:00,29.053,538.2
1248,12/25/2021 13:00,29.252,473.6
1249,12/25/2021 14:00,29.352,678.1
1250,12/25/2021 15:00,29.352,312.2
1251,12/25/2021 16:00,29.552,236.8
1252,12/25/2021 17:00,29.352,118.4
1253,12/25/2021 18:00,29.252,0
1254,12/25/2021 19:00,29.252,0
1255,12/25/2021 20:00,29.252,0
1256,12/25/2021 21:00,29.053,0
1257,12/25/2021 22:00,28.953,0
1258,12/25/2021 23:00,28.754,0
1259,12/26/2021 0:00,28.655,0
1260,12/26/2021 1:00,28.357,0
1261,12/26/2021 2:00,28.159,0
1262,12/26/2021 3:00,28.06,0
1263,12/26/2021 4:00,27.862,0
1264,12/26/2021 5:00,27.764,0
1265,12/26/2021 6:00,27.567,0
1266,12/26/2021 7:00,27.468,64.6
1267,12/26/2021 8:00,27.468,279.9
1268,12/26/2021 9:00,27.567,172.2
1269,12/26/2021 10:00,28.456,1550
1270,12/26/2021 11:00,29.452,1173.3
1271,12/26/2021 12:00,29.652,1980.6
1272,12/26/2021 13:00,29.752,785.8
1273,12/26/2021 14:00,29.752,592
1274,12/26/2021 15:00,29.953,721.2
1275,12/26/2021 16:00,29.953,484.4
1276,12/26/2021 17:00,30.054,215.3
1277,12/26/2021 18:00,29.953,0
1278,12/26/2021 19:00,29.953,0
1279,12/26/2021 20:00,29.953,0
1280,12/26/2021 21:00,29.752,0
1281,12/26/2021 22:00,29.552,0
1282,12/26/2021 23:00,28.853,0
1283,12/27/2021 0:00,28.655,0
1284,12/27/2021 1:00,28.555,0
1285,12/27/2021 2:00,28.555,0
1286,12/27/2021 3:00,28.953,0
1287,12/27/2021 4:00,28.754,0
1288,12/27/2021 5:00,28.456,0
1289,12/27/2021 6:00,28.258,0
1290,12/27/2021 7:00,28.06,64.6
1291,12/27/2021 8:00,28.06,279.9
1292,12/27/2021 9:00,28.258,807.3
1293,12/27/2021 10:00,28.853,1194.8
1294,12/27/2021 11:00,29.252,322.9
1295,12/27/2021 12:00,29.452,1463.9
1296,12/27/2021 13:00,29.552,882.6
1297,12/27/2021 14:00,29.452,828.8
1298,12/27/2021 15:00,29.452,613.5
1299,12/27/2021 16:00,29.452,581.3
1300,12/27/2021 17:00,29.452,107.6
1301,12/27/2021 18:00,29.152,0
1302,12/27/2021 19:00,29.152,0
1303,12/27/2021 20:00,28.953,0
1304,12/27/2021 21:00,28.754,0
1305,12/27/2021 22:00,28.754,0
1306,12/27/2021 23:00,28.655,0
1307,12/28/2021 0:00,28.258,0
1308,12/28/2021 1:00,28.159,0
1309,12/28/2021 2:00,28.357,0
1310,12/28/2021 3:00,27.961,0
1311,12/28/2021 4:00,28.159,0
1312,12/28/2021 5:00,27.862,0
1313,12/28/2021 6:00,27.567,0
1314,12/28/2021 7:00,27.272,64.6
1315,12/28/2021 8:00,27.862,344.4
1316,12/28/2021 9:00,28.456,828.8
1317,12/28/2021 10:00,28.853,775
1318,12/28/2021 11:00,29.053,538.2
1319,12/28/2021 12:00,29.152,1894.5
1320,12/28/2021 13:00,29.252,904.2
1321,12/28/2021 14:00,29.152,1001
1322,12/28/2021 15:00,29.152,183
1323,12/28/2021 16:00,29.053,333.7
1324,12/28/2021 17:00,28.953,129.2
1325,12/28/2021 18:00,28.754,0
1326,12/28/2021 19:00,28.655,0
1327,12/28/2021 20:00,28.655,0
1328,12/28/2021 21:00,28.555,0
1329,12/28/2021 22:00,28.555,0
1330,12/28/2021 23:00,28.555,0
1331,12/29/2021 0:00,28.555,0
1332,12/29/2021 1:00,28.555,0
1333,12/29/2021 2:00,28.555,0
1334,12/29/2021 3:00,28.555,0
1335,12/29/2021 4:00,28.555,0
1336,12/29/2021 5:00,28.655,0
1337,12/29/2021 6:00,28.555,0
1338,12/29/2021 7:00,28.555,32.3
1339,12/29/2021 8:00,28.555,236.8
1340,12/29/2021 9:00,28.754,753.5
1341,12/29/2021 10:00,29.053,1065.6
1342,12/29/2021 11:00,29.252,1259.4
1343,12/29/2021 12:00,29.452,742.7
1344,12/29/2021 13:00,29.552,731.9
1345,12/29/2021 14:00,29.552,731.9
1346,12/29/2021 15:00,29.352,581.3
1347,12/29/2021 16:00,29.152,236.8
1348,12/29/2021 17:00,28.953,204.5
1349,12/29/2021 18:00,28.853,0
1350,12/29/2021 19:00,28.655,0
1351,12/29/2021 20:00,28.655,0
1352,12/29/2021 21:00,28.555,0
1353,12/29/2021 22:00,28.555,0
1354,12/29/2021 23:00,28.456,0
1355,12/30/2021 0:00,28.357,0
1356,12/30/2021 1:00,28.357,0
1357,12/30/2021 2:00,28.456,0
1358,12/30/2021 3:00,28.555,0
1359,12/30/2021 4:00,28.555,0
1360,12/30/2021 5:00,28.456,0
1361,12/30/2021 6:00,28.555,0
1362,12/30/2021 7:00,28.456,43.1
1363,12/30/2021 8:00,28.555,376.7
1364,12/30/2021 9:00,28.754,366
1365,12/30/2021 10:00,29.053,1237.9
1366,12/30/2021 11:00,29.352,1356.3
1367,12/30/2021 12:00,29.552,1270.1
1368,12/30/2021 13:00,29.652,667.4
1369,12/30/2021 14:00,29.452,473.6
1370,12/30/2021 15:00,29.452,226
1371,12/30/2021 16:00,29.252,258.3
1372,12/30/2021 17:00,29.053,193.8
1373,12/30/2021 18:00,28.853,0
1374,12/30/2021 19:00,28.754,0
1375,12/30/2021 20:00,28.655,0
1376,12/30/2021 21:00,28.555,0
1377,12/30/2021 22:00,28.456,0
1378,12/30/2021 23:00,28.357,0
1379,12/31/2021 0:00,28.258,0
1380,12/31/2021 1:00,28.159,0
1381,12/31/2021 2:00,28.258,0
1382,12/31/2021 3:00,28.258,0
1383,12/31/2021 4:00,28.258,0
1384,12/31/2021 5:00,28.357,0
1385,12/31/2021 6:00,28.456,0
1386,12/31/2021 7:00,28.456,43.1
1387,12/31/2021 8:00,28.357,129.2
1388,12/31/2021 9:00,28.555,602.8
1389,12/31/2021 10:00,28.853,527.4
1390,12/31/2021 11:00,29.252,2669.5
1391,12/31/2021 12:00,29.652,1194.8
1392,12/31/2021 13:00,29.853,850.4
1393,12/31/2021 14:00,30.054,602.8
1394,12/31/2021 15:00,30.255,882.6
1395,12/31/2021 16:00,29.953,333.7
1396,12/31/2021 17:00,29.652,139.9
1397,12/31/2021 18:00,29.352,0
1398,12/31/2021 19:00,28.953,0
1399,12/31/2021 20:00,28.754,0
1400,12/31/2021 21:00,28.655,0
1401,12/31/2021 22:00,28.456,0
1402,12/31/2021 23:00,28.258,0
1403,1/1/2022 0:00,28.159,0
1404,1/1/2022 1:00,27.961,0
1405,1/1/2022 2:00,27.665,0
1406,1/1/2022 3:00,27.764,0
1407,1/1/2022 4:00,27.764,0
1408,1/1/2022 5:00,27.665,0
1409,1/1/2022 6:00,27.862,0
1410,1/1/2022 7:00,28.159,10.8
1411,1/1/2022 8:00,28.258,118.4
1412,1/1/2022 9:00,28.456,581.3
1413,1/1/2022 10:00,28.853,914.9
1414,1/1/2022 11:00,29.252,1237.9
1415,1/1/2022 12:00,29.652,1463.9
1416,1/1/2022 13:00,30.054,1302.4
1417,1/1/2022 14:00,30.255,818.1
1418,1/1/2022 15:00,30.255,366
1419,1/1/2022 16:00,30.154,312.2
1420,1/1/2022 17:00,29.752,107.6
1421,1/1/2022 18:00,29.252,10.8
1422,1/1/2022 19:00,28.754,0
1423,1/1/2022 20:00,28.555,0
1424,1/1/2022 21:00,28.456,0
1425,1/1/2022 22:00,28.258,0
1426,1/1/2022 23:00,27.961,0
1427,1/2/2022 0:00,27.567,0
1428,1/2/2022 1:00,27.37,0
1429,1/2/2022 2:00,27.173,0
1430,1/2/2022 3:00,27.075,0
1431,1/2/2022 4:00,27.272,0
1432,1/2/2022 5:00,27.468,0
1433,1/2/2022 6:00,27.468,0
1434,1/2/2022 7:00,28.258,21.5
1435,1/2/2022 8:00,28.456,215.3
1436,1/2/2022 9:00,28.655,355.2
1437,1/2/2022 10:00,28.953,1097.9
1438,1/2/2022 11:00,29.252,850.4
1439,1/2/2022 12:00,29.552,1980.6
1440,1/2/2022 13:00,29.752,1141
1441,1/2/2022 14:00,29.652,678.1
1442,1/2/2022 15:00,29.652,602.8
1443,1/2/2022 16:00,29.352,301.4
1444,1/2/2022 17:00,28.953,129.2
1445,1/2/2022 18:00,28.853,0
1446,1/2/2022 19:00,28.754,0
1447,1/2/2022 20:00,28.754,0
1448,1/2/2022 21:00,28.655,0
1449,1/2/2022 22:00,28.655,0
1450,1/2/2022 23:00,28.555,0
1451,1/3/2022 0:00,28.357,0
1452,1/3/2022 1:00,28.159,0
1453,1/3/2022 2:00,27.961,0
1454,1/3/2022 3:00,27.862,0
1455,1/3/2022 4:00,28.159,0
1456,1/3/2022 5:00,28.456,0
1457,1/3/2022 6:00,28.655,0
1458,1/3/2022 7:00,28.655,10.8
1459,1/3/2022 8:00,28.754,419.8
1460,1/3/2022 9:00,28.953,462.9
1461,1/3/2022 10:00,28.953,581.3
1462,1/3/2022 11:00,29.152,678.1
1463,1/3/2022 12:00,29.152,710.4
1464,1/3/2022 13:00,29.152,409
1465,1/3/2022 14:00,29.352,505.9
1466,1/3/2022 15:00,29.352,419.8
1467,1/3/2022 16:00,29.152,279.9
1468,1/3/2022 17:00,28.953,204.5
1469,1/3/2022 18:00,28.754,0
1470,1/3/2022 19:00,28.754,0
1471,1/3/2022 20:00,28.754,0
1472,1/3/2022 21:00,28.655,0
1473,1/3/2022 22:00,28.555,0
1474,1/3/2022 23:00,28.357,0
1475,1/4/2022 0:00,28.258,0
1476,1/4/2022 1:00,28.06,0
1477,1/4/2022 2:00,27.468,0
1478,1/4/2022 3:00,27.075,0
1479,1/4/2022 4:00,26.879,0
1480,1/4/2022 5:00,27.075,0
1481,1/4/2022 6:00,27.272,0
1482,1/4/2022 7:00,28.06,32.3
1483,1/4/2022 8:00,28.357,193.8
1484,1/4/2022 9:00,28.555,409
1485,1/4/2022 10:00,28.754,839.6
1486,1/4/2022 11:00,28.853,710.4
1487,1/4/2022 12:00,28.953,656.6
1488,1/4/2022 13:00,28.953,914.9
1489,1/4/2022 14:00,28.853,936.5
1490,1/4/2022 15:00,28.754,344.4
1491,1/4/2022 16:00,28.655,505.9
1492,1/4/2022 17:00,28.555,236.8
1493,1/4/2022 18:00,28.357,0
1494,1/4/2022 19:00,28.258,0
1495,1/4/2022 20:00,28.258,0
1496,1/4/2022 21:00,28.159,0
1497,1/4/2022 22:00,28.258,0
1498,1/4/2022 23:00,28.258,0
1499,1/5/2022 0:00,27.961,0
1500,1/5/2022 1:00,27.961,0
1501,1/5/2022 2:00,27.468,0
1502,1/5/2022 3:00,26.977,0
1503,1/5/2022 4:00,26.781,0
1504,1/5/2022 5:00,26.585,0
1505,1/5/2022 6:00,26.585,0
1506,1/5/2022 7:00,26.977,53.8
1507,1/5/2022 8:00,27.37,204.5
1508,1/5/2022 9:00,28.159,1044.1
1509,1/5/2022 10:00,28.555,850.4
1510,1/5/2022 11:00,28.853,516.7
1511,1/5/2022 12:00,29.053,1022.6
1512,1/5/2022 13:00,28.953,1044.1
1513,1/5/2022 14:00,29.053,731.9
1514,1/5/2022 15:00,29.053,667.4
1515,1/5/2022 16:00,28.853,355.2
1516,1/5/2022 17:00,28.754,183
1517,1/5/2022 18:00,28.555,10.8
1518,1/5/2022 19:00,28.357,0
1519,1/5/2022 20:00,28.258,0
1520,1/5/2022 21:00,28.258,0
1521,1/5/2022 22:00,28.159,0
1522,1/5/2022 23:00,28.159,0
1523,1/6/2022 0:00,27.961,0
1524,1/6/2022 1:00,28.06,0
1525,1/6/2022 2:00,27.961,0
1526,1/6/2022 3:00,27.764,0
1527,1/6/2022 4:00,27.567,0
1528,1/6/2022 5:00,27.272,0
1529,1/6/2022 6:00,27.272,0
1530,1/6/2022 7:00,27.272,43.1
1531,1/6/2022 8:00,27.272,279.9
1532,1/6/2022 9:00,27.862,645.8
1533,1/6/2022 10:00,28.06,559.7
1534,1/6/2022 11:00,28.357,570.5
1535,1/6/2022 12:00,28.953,1173.3
1536,1/6/2022 13:00,29.352,764.2
1537,1/6/2022 14:00,29.652,764.2
1538,1/6/2022 15:00,29.953,538.2
1539,1/6/2022 16:00,29.853,549
1540,1/6/2022 17:00,29.652,215.3
1541,1/6/2022 18:00,29.352,10.8
1542,1/6/2022 19:00,29.152,0
1543,1/6/2022 20:00,28.853,0
1544,1/6/2022 21:00,28.555,0
1545,1/6/2022 22:00,28.357,0
1546,1/6/2022 23:00,28.258,0
1547,1/7/2022 0:00,28.258,0
1548,1/7/2022 1:00,28.06,0
1549,1/7/2022 2:00,27.862,0
1550,1/7/2022 3:00,27.764,0
1551,1/7/2022 4:00,27.567,0
1552,1/7/2022 5:00,27.37,0
1553,1/7/2022 6:00,27.272,0
1554,1/7/2022 7:00,26.977,32.3
1555,1/7/2022 8:00,27.173,215.3
1556,1/7/2022 9:00,27.468,107.6
1557,1/7/2022 10:00,26.879,150.7
1558,1/7/2022 11:00,27.37,215.3
1559,1/7/2022 12:00,27.468,818.1
1560,1/7/2022 13:00,27.468,344.4
1561,1/7/2022 14:00,27.961,355.2
1562,1/7/2022 15:00,27.961,226
1563,1/7/2022 16:00,28.258,86.1
1564,1/7/2022 17:00,28.357,86.1
1565,1/7/2022 18:00,28.258,0
1566,1/7/2022 19:00,28.258,0
1567,1/7/2022 20:00,28.159,0
1568,1/7/2022 21:00,28.159,0
1569,1/7/2022 22:00,28.06,0
1570,1/7/2022 23:00,28.06,0
1571,1/8/2022 0:00,27.961,0
1572,1/8/2022 1:00,27.961,0
1573,1/8/2022 2:00,27.862,0
1574,1/8/2022 3:00,27.764,0
1575,1/8/2022 4:00,27.665,0
1576,1/8/2022 5:00,27.567,0
1577,1/8/2022 6:00,27.468,0
1578,1/8/2022 7:00,27.468,43.1
1579,1/8/2022 8:00,27.272,807.3
1580,1/8/2022 9:00,27.173,1130.2
1581,1/8/2022 10:00,27.468,581.3
1582,1/8/2022 11:00,28.06,1894.5
1583,1/8/2022 12:00,28.159,1550
1584,1/8/2022 13:00,28.853,1216.3
1585,1/8/2022 14:00,29.252,1162.5
1586,1/8/2022 15:00,29.552,990.3
1587,1/8/2022 16:00,29.752,344.4
1588,1/8/2022 17:00,29.752,355.2
1589,1/8/2022 18:00,29.452,53.8
1590,1/8/2022 19:00,28.953,0
1591,1/8/2022 20:00,28.357,0
1592,1/8/2022 21:00,28.06,0
1593,1/8/2022 22:00,27.961,0
1594,1/8/2022 23:00,27.862,0
1595,1/9/2022 0:00,27.764,0
1596,1/9/2022 1:00,27.665,0
1597,1/9/2022 2:00,27.764,0
1598,1/9/2022 3:00,27.665,0
1599,1/9/2022 4:00,27.468,0
1600,1/9/2022 5:00,27.468,0
1601,1/9/2022 6:00,27.272,0
1602,1/9/2022 7:00,27.173,32.3
1603,1/9/2022 8:00,27.173,775
1604,1/9/2022 9:00,27.468,441.3
1605,1/9/2022 10:00,27.665,2669.5
1606,1/9/2022 11:00,27.764,1808.3
1607,1/9/2022 12:00,28.357,409
1608,1/9/2022 13:00,28.953,2583.4
1609,1/9/2022 14:00,29.252,710.4
1610,1/9/2022 15:00,29.152,968.8
1611,1/9/2022 16:00,29.152,473.6
1612,1/9/2022 17:00,29.352,269.1
1613,1/9/2022 18:00,29.152,21.5
1614,1/9/2022 19:00,29.152,0
1615,1/9/2022 20:00,28.853,0
1616,1/9/2022 21:00,28.357,0
1617,1/9/2022 22:00,27.862,0
1618,1/9/2022 23:00,27.764,0
1619,1/10/2022 0:00,27.567,0
1620,1/10/2022 1:00,27.665,0
1621,1/10/2022 2:00,27.567,0
1622,1/10/2022 3:00,27.272,0
1623,1/10/2022 4:00,27.272,0
1624,1/10/2022 5:00,27.468,0
1625,1/10/2022 6:00,27.468,0
1626,1/10/2022 7:00,27.567,64.6
1627,1/10/2022 8:00,27.764,301.4
1628,1/10/2022 9:00,28.159,505.9
1629,1/10/2022 10:00,28.555,914.9
1630,1/10/2022 11:00,29.053,925.7
1631,1/10/2022 12:00,29.652,871.9
1632,1/10/2022 13:00,29.953,882.6
1633,1/10/2022 14:00,30.255,1248.6
1634,1/10/2022 15:00,30.457,1313.2
1635,1/10/2022 16:00,30.255,731.9
1636,1/10/2022 17:00,29.953,258.3
1637,1/10/2022 18:00,29.352,32.3
1638,1/10/2022 19:00,28.754,0
1639,1/10/2022 20:00,28.456,0
1640,1/10/2022 21:00,28.357,0
1641,1/10/2022 22:00,28.258,0
1642,1/10/2022 23:00,28.159,0
1643,1/11/2022 0:00,28.258,0
1644,1/11/2022 1:00,28.258,0
1645,1/11/2022 2:00,28.357,0
1646,1/11/2022 3:00,28.258,0
1647,1/11/2022 4:00,28.258,0
1648,1/11/2022 5:00,28.258,0
1649,1/11/2022 6:00,28.258,0
1650,1/11/2022 7:00,28.357,53.8
1651,1/11/2022 8:00,28.357,322.9
1652,1/11/2022 9:00,28.754,979.5
1653,1/11/2022 10:00,28.953,592
1654,1/11/2022 11:00,29.252,1108.7
1655,1/11/2022 12:00,29.552,1130.2
1656,1/11/2022 13:00,29.452,1173.3
1657,1/11/2022 14:00,29.452,904.2
1658,1/11/2022 15:00,29.252,656.6
1659,1/11/2022 16:00,29.352,409
1660,1/11/2022 17:00,29.252,269.1
1661,1/11/2022 18:00,29.053,32.3
1662,1/11/2022 19:00,28.853,0
1663,1/11/2022 20:00,28.555,0
1664,1/11/2022 21:00,28.357,0
1665,1/11/2022 22:00,28.159,0
1666,1/11/2022 23:00,28.06,0
1667,1/12/2022 0:00,28.06,0
1668,1/12/2022 1:00,28.06,0
1669,1/12/2022 2:00,28.06,0
1670,1/12/2022 3:00,27.961,0
1671,1/12/2022 4:00,27.961,0
1672,1/12/2022 5:00,28.06,0
1673,1/12/2022 6:00,27.961,0
1674,1/12/2022 7:00,27.961,43.1
1675,1/12/2022 8:00,28.06,322.9
1676,1/12/2022 9:00,28.258,710.4
1677,1/12/2022 10:00,28.655,322.9
1678,1/12/2022 11:00,29.053,452.1
1679,1/12/2022 12:00,29.452,947.2
1680,1/12/2022 13:00,29.853,958
1681,1/12/2022 14:00,30.255,721.2
1682,1/12/2022 15:00,30.457,236.8
1683,1/12/2022 16:00,30.457,484.4
1684,1/12/2022 17:00,30.558,441.3
1685,1/12/2022 18:00,30.457,32.3
1686,1/12/2022 19:00,30.154,0
1687,1/12/2022 20:00,29.853,0
1688,1/12/2022 21:00,29.352,0
1689,1/12/2022 22:00,29.053,0
1690,1/12/2022 23:00,28.853,0
1691,1/13/2022 0:00,28.456,0
1692,1/13/2022 1:00,28.159,0
1693,1/13/2022 2:00,28.06,0
1694,1/13/2022 3:00,27.862,0
1695,1/13/2022 4:00,27.665,0
1696,1/13/2022 5:00,27.665,0
1697,1/13/2022 6:00,27.665,0
1698,1/13/2022 7:00,27.665,32.3
1699,1/13/2022 8:00,27.862,258.3
1700,1/13/2022 9:00,28.159,538.2
1701,1/13/2022 10:00,28.456,2497.2
1702,1/13/2022 11:00,28.853,1216.3
1703,1/13/2022 12:00,29.252,936.5
1704,1/13/2022 13:00,29.752,1022.6
1705,1/13/2022 14:00,30.054,1248.6
1706,1/13/2022 15:00,30.356,1377.8
1707,1/13/2022 16:00,30.558,549
1708,1/13/2022 17:00,30.558,226
1709,1/13/2022 18:00,30.356,32.3
1710,1/13/2022 19:00,30.054,0
1711,1/13/2022 20:00,29.652,0
1712,1/13/2022 21:00,29.252,0
1713,1/13/2022 22:00,28.853,0
1714,1/13/2022 23:00,28.754,0
1715,1/14/2022 0:00,28.456,0
1716,1/14/2022 1:00,28.159,0
1717,1/14/2022 2:00,27.961,0
1718,1/14/2022 3:00,27.764,0
1719,1/14/2022 4:00,27.764,0
1720,1/14/2022 5:00,27.764,0
1721,1/14/2022 6:00,27.961,0
1722,1/14/2022 7:00,28.159,75.3
1723,1/14/2022 8:00,28.258,366
1724,1/14/2022 9:00,28.555,1377.8
1725,1/14/2022 10:00,28.953,1162.5
1726,1/14/2022 11:00,29.352,3444.5
1727,1/14/2022 12:00,29.452,2066.7
1728,1/14/2022 13:00,29.452,2497.2
1729,1/14/2022 14:00,29.352,1076.4
1730,1/14/2022 15:00,29.152,850.4
1731,1/14/2022 16:00,28.953,1011.8
1732,1/14/2022 17:00,28.754,430.6
1733,1/14/2022 18:00,28.655,32.3
1734,1/14/2022 19:00,28.555,0
1735,1/14/2022 20:00,28.456,0
1736,1/14/2022 21:00,28.456,0
1737,1/14/2022 22:00,28.357,0
1738,1/14/2022 23:00,28.357,0
1739,1/15/2022 0:00,28.357,0
1740,1/15/2022 1:00,28.258,0
1741,1/15/2022 2:00,28.258,0
1742,1/15/2022 3:00,28.258,0
1743,1/15/2022 4:00,28.258,0
1744,1/15/2022 5:00,28.357,0
1745,1/15/2022 6:00,28.357,0
1746,1/15/2022 7:00,28.357,32.3
1747,1/15/2022 8:00,28.456,215.3
1748,1/15/2022 9:00,28.655,355.2
1749,1/15/2022 10:00,28.853,1722.2
1750,1/15/2022 11:00,29.053,2755.6
1751,1/15/2022 12:00,29.252,3100
1752,1/15/2022 13:00,29.352,1076.4
1753,1/15/2022 14:00,29.252,1173.3
1754,1/15/2022 15:00,29.352,1345.5
1755,1/15/2022 16:00,29.152,850.4
1756,1/15/2022 17:00,28.853,215.3
1757,1/15/2022 18:00,28.555,21.5
1758,1/15/2022 19:00,28.456,0
1759,1/15/2022 20:00,28.456,0
1760,1/15/2022 21:00,28.357,0
1761,1/15/2022 22:00,28.159,0
1762,1/15/2022 23:00,28.159,0
1763,1/16/2022 0:00,28.159,0
1764,1/16/2022 1:00,28.06,0
1765,1/16/2022 2:00,27.961,0
1766,1/16/2022 3:00,27.862,0
1767,1/16/2022 4:00,27.961,0
1768,1/16/2022 5:00,28.159,0
1769,1/16/2022 6:00,28.258,0
1770,1/16/2022 7:00,28.258,10.8
1771,1/16/2022 8:00,28.357,150.7
1772,1/16/2022 9:00,28.357,247.6
1773,1/16/2022 10:00,28.555,452.1
1774,1/16/2022 11:00,28.754,3961.1
1775,1/16/2022 12:00,28.953,1463.9
1776,1/16/2022 13:00,29.053,624.3
1777,1/16/2022 14:00,29.053,1130.2
1778,1/16/2022 15:00,28.853,559.7
1779,1/16/2022 16:00,28.754,409
1780,1/16/2022 17:00,28.655,161.5
1781,1/16/2022 18:00,28.456,21.5
1782,1/16/2022 19:00,28.357,0
1783,1/16/2022 20:00,28.357,0
1784,1/16/2022 21:00,28.258,0
1785,1/16/2022 22:00,28.159,0
1786,1/16/2022 23:00,28.159,0
1787,1/17/2022 0:00,27.961,0
1788,1/17/2022 1:00,27.862,0
1789,1/17/2022 2:00,27.665,0
1790,1/17/2022 3:00,27.567,0
1791,1/17/2022 4:00,27.665,0
1792,1/17/2022 5:00,27.862,0
1793,1/17/2022 6:00,27.961,0
1794,1/17/2022 7:00,28.159,53.8
1795,1/17/2022 8:00,28.159,193.8
1796,1/17/2022 9:00,28.258,419.8
1797,1/17/2022 10:00,28.357,958
1798,1/17/2022 11:00,28.754,5338.9
1799,1/17/2022 12:00,29.053,1108.7
1800,1/17/2022 13:00,29.252,882.6
1801,1/17/2022 14:00,29.252,1980.6
1802,1/17/2022 15:00,28.953,850.4
1803,1/17/2022 16:00,28.853,731.9
1804,1/17/2022 17:00,28.655,301.4
1805,1/17/2022 18:00,28.456,32.3
1806,1/17/2022 19:00,28.456,0
1807,1/17/2022 20:00,28.357,0
1808,1/17/2022 21:00,28.258,0
1809,1/17/2022 22:00,28.159,0
1810,1/17/2022 23:00,28.159,0
1811,1/18/2022 0:00,27.961,0
1812,1/18/2022 1:00,27.862,0
1813,1/18/2022 2:00,27.665,0
1814,1/18/2022 3:00,27.665,0
1815,1/18/2022 4:00,27.665,0
1816,1/18/2022 5:00,27.665,0
1817,1/18/2022 6:00,27.764,0
1818,1/18/2022 7:00,27.961,43.1
1819,1/18/2022 8:00,27.961,161.5
1820,1/18/2022 9:00,28.159,322.9
1821,1/18/2022 10:00,28.555,2238.9
1822,1/18/2022 11:00,28.853,570.5
1823,1/18/2022 12:00,29.452,979.5
1824,1/18/2022 13:00,29.552,667.4
1825,1/18/2022 14:00,29.752,1302.4
1826,1/18/2022 15:00,29.752,484.4
1827,1/18/2022 16:00,29.652,914.9
1828,1/18/2022 17:00,29.252,301.4
1829,1/18/2022 18:00,29.053,32.3
1830,1/18/2022 19:00,28.754,0
1831,1/18/2022 20:00,28.555,0
1832,1/18/2022 21:00,28.357,0
1833,1/18/2022 22:00,28.258,0
1834,1/18/2022 23:00,28.159,0
1835,1/19/2022 0:00,27.961,0
1836,1/19/2022 1:00,27.862,0
1837,1/19/2022 2:00,27.665,0
1838,1/19/2022 3:00,27.468,0
1839,1/19/2022 4:00,27.468,0
1840,1/19/2022 5:00,27.468,0
1841,1/19/2022 6:00,27.468,0
1842,1/19/2022 7:00,27.37,75.3
1843,1/19/2022 8:00,27.468,398.3
1844,1/19/2022 9:00,27.468,409
1845,1/19/2022 10:00,28.06,1119.5
1846,1/19/2022 11:00,28.456,1722.2
1847,1/19/2022 12:00,28.853,527.4
1848,1/19/2022 13:00,29.152,979.5
1849,1/19/2022 14:00,29.152,473.6
1850,1/19/2022 15:00,29.252,1162.5
1851,1/19/2022 16:00,29.152,624.3
1852,1/19/2022 17:00,28.853,269.1
1853,1/19/2022 18:00,28.655,21.5
1854,1/19/2022 19:00,28.456,0
1855,1/19/2022 20:00,28.258,0
1856,1/19/2022 21:00,28.258,0
1857,1/19/2022 22:00,28.06,0
1858,1/19/2022 23:00,27.961,0
1859,1/20/2022 0:00,27.862,0
1860,1/20/2022 1:00,27.764,0
1861,1/20/2022 2:00,27.567,0
1862,1/20/2022 3:00,27.272,0
1863,1/20/2022 4:00,27.075,0
1864,1/20/2022 5:00,26.781,0
1865,1/20/2022 6:00,26.781,0
1866,1/20/2022 7:00,26.781,32.3
1867,1/20/2022 8:00,26.879,462.9
1868,1/20/2022 9:00,26.683,355.2
1869,1/20/2022 10:00,26.977,645.8
1870,1/20/2022 11:00,27.468,1894.5
1871,1/20/2022 12:00,27.567,731.9
1872,1/20/2022 13:00,27.862,2066.7
1873,1/20/2022 14:00,28.555,764.2
1874,1/20/2022 15:00,29.152,850.4
1875,1/20/2022 16:00,29.352,1162.5
1876,1/20/2022 17:00,29.352,527.4
1877,1/20/2022 18:00,29.053,53.8
1878,1/20/2022 19:00,28.655,0
1879,1/20/2022 20:00,28.456,0
1880,1/20/2022 21:00,28.258,0
1881,1/20/2022 22:00,28.06,0
1882,1/20/2022 23:00,27.961,0
1883,1/21/2022 0:00,27.764,0
1884,1/21/2022 1:00,27.468,0
1885,1/21/2022 2:00,27.272,0
1886,1/21/2022 3:00,27.075,0
1887,1/21/2022 4:00,26.977,0
1888,1/21/2022 5:00,26.781,0
1889,1/21/2022 6:00,26.683,0
1890,1/21/2022 7:00,26.781,32.3
1891,1/21/2022 8:00,26.977,430.6
1892,1/21/2022 9:00,27.173,904.2
1893,1/21/2022 10:00,27.468,678.1
1894,1/21/2022 11:00,28.357,818.1
1895,1/21/2022 12:00,28.655,581.3
1896,1/21/2022 13:00,28.953,1065.6
1897,1/21/2022 14:00,28.853,1162.5
1898,1/21/2022 15:00,28.853,1087.2
1899,1/21/2022 16:00,28.754,624.3
1900,1/21/2022 17:00,28.456,183
1901,1/21/2022 18:00,28.258,21.5
1902,1/21/2022 19:00,28.159,0
1903,1/21/2022 20:00,28.159,0
1904,1/21/2022 21:00,28.06,0
1905,1/21/2022 22:00,28.06,0
1906,1/21/2022 23:00,27.961,0
1907,1/22/2022 0:00,27.961,0
1908,1/22/2022 1:00,27.961,0
1909,1/22/2022 2:00,27.862,0
1910,1/22/2022 3:00,27.665,0
1911,1/22/2022 4:00,27.468,0
1912,1/22/2022 5:00,27.272,0
1913,1/22/2022 6:00,27.173,0
1914,1/22/2022 7:00,27.075,10.8
1915,1/22/2022 8:00,27.272,161.5
1916,1/22/2022 9:00,27.468,258.3
1917,1/22/2022 10:00,27.764,839.6
1918,1/22/2022 11:00,28.159,1184
1919,1/22/2022 12:00,28.06,688.9
1920,1/22/2022 13:00,28.258,1130.2
1921,1/22/2022 14:00,28.555,807.3
1922,1/22/2022 15:00,28.456,731.9
1923,1/22/2022 16:00,28.357,312.2
1924,1/22/2022 17:00,28.06,64.6
1925,1/22/2022 18:00,28.06,21.5
1926,1/22/2022 19:00,28.06,0
1927,1/22/2022 20:00,27.961,0
1928,1/22/2022 21:00,27.961,0
1929,1/22/2022 22:00,27.862,0
1930,1/22/2022 23:00,27.862,0
1931,1/23/2022 0:00,27.665,0
1932,1/23/2022 1:00,27.665,0
1933,1/23/2022 2:00,27.567,0
1934,1/23/2022 3:00,27.665,0
1935,1/23/2022 4:00,27.567,0
1936,1/23/2022 5:00,27.468,0
1937,1/23/2022 6:00,27.37,0
1938,1/23/2022 7:00,27.37,21.5
1939,1/23/2022 8:00,27.37,139.9
1940,1/23/2022 9:00,27.468,581.3
1941,1/23/2022 10:00,27.862,1356.3
1942,1/23/2022 11:00,28.258,1550
1943,1/23/2022 12:00,28.953,828.8
1944,1/23/2022 13:00,29.252,1270.1
1945,1/23/2022 14:00,29.352,1065.6
1946,1/23/2022 15:00,29.452,613.5
1947,1/23/2022 16:00,29.152,441.3
1948,1/23/2022 17:00,28.754,226
1949,1/23/2022 18:00,28.456,32.3
1950,1/23/2022 19:00,28.258,0
1951,1/23/2022 20:00,28.06,0
1952,1/23/2022 21:00,28.06,0
1953,1/23/2022 22:00,28.06,0
1954,1/23/2022 23:00,28.06,0
1955,1/24/2022 0:00,28.06,0
1956,1/24/2022 1:00,27.961,0
1957,1/24/2022 2:00,27.862,0
1958,1/24/2022 3:00,27.862,0
1959,1/24/2022 4:00,27.764,0
1960,1/24/2022 5:00,27.567,0
1961,1/24/2022 6:00,27.567,0
1962,1/24/2022 7:00,27.567,43.1
1963,1/24/2022 8:00,27.567,247.6
1964,1/24/2022 9:00,27.862,635.1
1965,1/24/2022 10:00,28.159,1550
1966,1/24/2022 11:00,28.456,818.1
1967,1/24/2022 12:00,28.853,1636.1
1968,1/24/2022 13:00,29.152,1119.5
1969,1/24/2022 14:00,29.552,785.8
1970,1/24/2022 15:00,29.652,742.7
1971,1/24/2022 16:00,29.452,1033.3
1972,1/24/2022 17:00,29.152,527.4
1973,1/24/2022 18:00,28.853,53.8
1974,1/24/2022 19:00,28.357,0
1975,1/24/2022 20:00,28.159,0
1976,1/24/2022 21:00,27.961,0
1977,1/24/2022 22:00,27.961,0
1978,1/24/2022 23:00,27.862,0
1979,1/25/2022 0:00,27.961,0
1980,1/25/2022 1:00,27.961,0
1981,1/25/2022 2:00,27.961,0
1982,1/25/2022 3:00,27.961,0
1983,1/25/2022 4:00,27.862,0
1984,1/25/2022 5:00,27.862,0
1985,1/25/2022 6:00,27.764,0
1986,1/25/2022 7:00,27.764,32.3
1987,1/25/2022 8:00,27.862,183
1988,1/25/2022 9:00,28.06,258.3
1989,1/25/2022 10:00,28.159,409
1990,1/25/2022 11:00,28.555,312.2
1991,1/25/2022 12:00,28.853,624.3
1992,1/25/2022 13:00,29.452,1248.6
1993,1/25/2022 14:00,29.452,527.4
1994,1/25/2022 15:00,29.853,871.9
1995,1/25/2022 16:00,29.953,1141
1996,1/25/2022 17:00,29.752,290.6
1997,1/25/2022 18:00,29.352,43.1
1998,1/25/2022 19:00,28.953,0
1999,1/25/2022 20:00,28.555,0
2000,1/25/2022 21:00,28.258,0
2001,1/25/2022 22:00,28.06,0
2002,1/25/2022 23:00,27.961,0
2003,1/26/2022 0:00,27.961,0
2004,1/26/2022 1:00,27.961,0
2005,1/26/2022 2:00,27.862,0
2006,1/26/2022 3:00,27.862,0
2007,1/26/2022 4:00,27.764,0
2008,1/26/2022 5:00,27.764,0
2009,1/26/2022 6:00,27.862,0
2010,1/26/2022 7:00,27.764,32.3
2011,1/26/2022 8:00,27.862,290.6
2012,1/26/2022 9:00,28.159,581.3
2013,1/26/2022 10:00,28.456,1722.2
2014,1/26/2022 11:00,28.853,1334.7
2015,1/26/2022 12:00,29.352,796.5
2016,1/26/2022 13:00,29.752,721.2
2017,1/26/2022 14:00,30.154,635.1
2018,1/26/2022 15:00,30.356,968.8
2019,1/26/2022 16:00,30.457,602.8
2020,1/26/2022 17:00,30.457,215.3
2021,1/26/2022 18:00,30.356,43.1
2022,1/26/2022 19:00,30.054,0
2023,1/26/2022 20:00,29.752,0
2024,1/26/2022 21:00,29.352,0
2025,1/26/2022 22:00,28.953,0
2026,1/26/2022 23:00,28.655,0
2027,1/27/2022 0:00,28.357,0
2028,1/27/2022 1:00,27.862,0
2029,1/27/2022 2:00,27.764,0
2030,1/27/2022 3:00,27.567,0
2031,1/27/2022 4:00,27.468,0
2032,1/27/2022 5:00,27.37,0
2033,1/27/2022 6:00,27.272,0
2034,1/27/2022 7:00,27.468,21.5
2035,1/27/2022 8:00,27.468,86.1
2036,1/27/2022 9:00,27.567,161.5
2037,1/27/2022 10:00,27.961,1151.7
2038,1/27/2022 11:00,28.357,1033.3
2039,1/27/2022 12:00,29.252,807.3
2040,1/27/2022 13:00,29.752,1054.9
2041,1/27/2022 14:00,29.853,742.7
2042,1/27/2022 15:00,29.953,559.7
2043,1/27/2022 16:00,30.255,419.8
2044,1/27/2022 17:00,30.356,226
2045,1/27/2022 18:00,29.853,32.3
2046,1/27/2022 19:00,29.752,0
2047,1/27/2022 20:00,29.652,0
2048,1/27/2022 21:00,29.452,0
2049,1/27/2022 22:00,29.152,0
2050,1/27/2022 23:00,28.456,0
2051,1/28/2022 0:00,27.961,0
2052,1/28/2022 1:00,27.665,0
2053,1/28/2022 2:00,27.567,0
2054,1/28/2022 3:00,27.764,0
2055,1/28/2022 4:00,27.862,0
2056,1/28/2022 5:00,27.961,0
2057,1/28/2022 6:00,27.961,0
2058,1/28/2022 7:00,27.961,21.5
2059,1/28/2022 8:00,28.06,86.1
2060,1/28/2022 9:00,28.258,516.7
2061,1/28/2022 10:00,28.456,656.6
2062,1/28/2022 11:00,28.655,322.9
2063,1/28/2022 12:00,29.152,1722.2
2064,1/28/2022 13:00,29.252,581.3
2065,1/28/2022 14:00,29.252,473.6
2066,1/28/2022 15:00,29.252,387.5
2067,1/28/2022 16:00,29.152,215.3
2068,1/28/2022 17:00,28.853,118.4
2069,1/28/2022 18:00,28.555,32.3
2070,1/28/2022 19:00,28.159,0
2071,1/28/2022 20:00,27.862,0
2072,1/28/2022 21:00,27.665,0
2073,1/28/2022 22:00,27.468,0
2074,1/28/2022 23:00,27.272,0
2075,1/29/2022 0:00,27.173,0
2076,1/29/2022 1:00,26.977,0
2077,1/29/2022 2:00,26.977,0
2078,1/29/2022 3:00,26.879,0
2079,1/29/2022 4:00,26.879,0
2080,1/29/2022 5:00,26.879,0
2081,1/29/2022 6:00,26.585,0
2082,1/29/2022 7:00,26.683,10.8
2083,1/29/2022 8:00,27.272,236.8
2084,1/29/2022 9:00,27.272,419.8
2085,1/29/2022 10:00,27.862,839.6
2086,1/29/2022 11:00,28.258,516.7
2087,1/29/2022 12:00,28.456,656.6
2088,1/29/2022 13:00,28.853,387.5
2089,1/29/2022 14:00,29.053,322.9
2090,1/29/2022 15:00,29.452,731.9
2091,1/29/2022 16:00,29.352,452.1
2092,1/29/2022 17:00,29.452,322.9
2093,1/29/2022 18:00,29.552,21.5
2094,1/29/2022 19:00,29.452,0
2095,1/29/2022 20:00,29.252,0
2096,1/29/2022 21:00,28.655,0
2097,1/29/2022 22:00,28.456,0
2098,1/29/2022 23:00,28.357,0
2099,1/30/2022 0:00,28.159,0
2100,1/30/2022 1:00,27.862,0
2101,1/30/2022 2:00,27.665,0
2102,1/30/2022 3:00,27.468,0
2103,1/30/2022 4:00,27.37,0
2104,1/30/2022 5:00,27.468,0
2105,1/30/2022 6:00,27.37,0
2106,1/30/2022 7:00,27.37,21.5
2107,1/30/2022 8:00,27.567,64.6
2108,1/30/2022 9:00,27.961,129.2
2109,1/30/2022 10:00,28.258,172.2
2110,1/30/2022 11:00,28.655,409
2111,1/30/2022 12:00,29.152,462.9
2112,1/30/2022 13:00,29.452,1119.5
2113,1/30/2022 14:00,29.652,355.2
2114,1/30/2022 15:00,29.652,527.4
2115,1/30/2022 16:00,29.352,409
2116,1/30/2022 17:00,28.953,96.9
2117,1/30/2022 18:00,28.853,21.5
2118,1/30/2022 19:00,28.953,0
2119,1/30/2022 20:00,29.152,0
2120,1/30/2022 21:00,29.352,0
2121,1/30/2022 22:00,29.352,0
2122,1/30/2022 23:00,29.152,0
2123,1/31/2022 0:00,28.953,0
2124,1/31/2022 1:00,28.754,0
2125,1/31/2022 2:00,28.456,0
2126,1/31/2022 3:00,28.06,0
2127,1/31/2022 4:00,28.159,0
2128,1/31/2022 5:00,28.159,0
2129,1/31/2022 6:00,28.06,0
2130,1/31/2022 7:00,27.961,21.5
2131,1/31/2022 8:00,27.961,96.9
2132,1/31/2022 9:00,27.961,312.2
2133,1/31/2022 10:00,28.258,312.2
2134,1/31/2022 11:00,28.655,958
2135,1/31/2022 12:00,29.152,1001
2136,1/31/2022 13:00,29.552,549
2137,1/31/2022 14:00,29.953,1011.8
2138,1/31/2022 15:00,30.154,581.3
2139,1/31/2022 16:00,30.255,161.5
2140,1/31/2022 17:00,30.255,183
2141,1/31/2022 18:00,30.154,21.5
2142,1/31/2022 19:00,30.054,0
2143,1/31/2022 20:00,29.853,0
2144,1/31/2022 21:00,29.552,0
2145,1/31/2022 22:00,29.452,0
2146,1/31/2022 23:00,29.252,0
2147,2/1/2022 0:00,28.953,0
2148,2/1/2022 1:00,28.655,0
2149,2/1/2022 2:00,28.456,0
2150,2/1/2022 3:00,28.159,0
2151,2/1/2022 4:00,27.961,0
2152,2/1/2022 5:00,28.258,0
2153,2/1/2022 6:00,28.159,0
2154,2/1/2022 7:00,28.159,10.8
2155,2/1/2022 8:00,28.258,129.2
2156,2/1/2022 9:00,28.357,322.9
2157,2/1/2022 10:00,28.655,495.1
2158,2/1/2022 11:00,28.953,484.4
2159,2/1/2022 12:00,29.053,1377.8
2160,2/1/2022 13:00,29.053,430.6
2161,2/1/2022 14:00,28.953,398.3
2162,2/1/2022 15:00,28.953,1022.6
2163,2/1/2022 16:00,29.053,376.7
2164,2/1/2022 17:00,28.953,193.8
2165,2/1/2022 18:00,28.754,21.5
2166,2/1/2022 19:00,28.655,0
2167,2/1/2022 20:00,28.555,0
2168,2/1/2022 21:00,28.456,0
2169,2/1/2022 22:00,28.357,0
2170,2/1/2022 23:00,28.258,0
2171,2/2/2022 0:00,28.159,0
2172,2/2/2022 1:00,27.862,0
2173,2/2/2022 2:00,27.665,0
2174,2/2/2022 3:00,27.37,0
2175,2/2/2022 4:00,27.075,0
2176,2/2/2022 5:00,27.075,0
2177,2/2/2022 6:00,27.764,0
2178,2/2/2022 7:00,27.862,32.3
2179,2/2/2022 8:00,27.961,139.9
2180,2/2/2022 9:00,28.06,247.6
2181,2/2/2022 10:00,28.258,344.4
2182,2/2/2022 11:00,28.357,387.5
2183,2/2/2022 12:00,28.853,1550
2184,2/2/2022 13:00,29.352,1033.3
2185,2/2/2022 14:00,29.552,301.4
2186,2/2/2022 15:00,29.552,269.1
2187,2/2/2022 16:00,29.053,462.9
2188,2/2/2022 17:00,28.754,387.5
2189,2/2/2022 18:00,28.555,43.1
2190,2/2/2022 19:00,28.357,0
2191,2/2/2022 20:00,28.258,0
2192,2/2/2022 21:00,28.258,0
2193,2/2/2022 22:00,28.258,0
2194,2/2/2022 23:00,28.159,0
2195,2/3/2022 0:00,28.06,0
2196,2/3/2022 1:00,28.06,0
2197,2/3/2022 2:00,27.862,0
2198,2/3/2022 3:00,27.665,0
2199,2/3/2022 4:00,27.468,0
2200,2/3/2022 5:00,27.567,0
2201,2/3/2022 6:00,27.567,0
2202,2/3/2022 7:00,27.862,21.5
2203,2/3/2022 8:00,28.06,86.1
2204,2/3/2022 9:00,28.258,150.7
2205,2/3/2022 10:00,28.357,215.3
2206,2/3/2022 11:00,28.555,215.3
2207,2/3/2022 12:00,28.853,549
2208,2/3/2022 13:00,28.853,419.8
2209,2/3/2022 14:00,29.053,958
2210,2/3/2022 15:00,29.152,398.3
2211,2/3/2022 16:00,28.853,193.8
2212,2/3/2022 17:00,28.655,161.5
2213,2/3/2022 18:00,28.357,32.3
2214,2/3/2022 19:00,28.159,0
2215,2/3/2022 20:00,28.159,0
2216,2/3/2022 21:00,28.159,0
2217,2/3/2022 22:00,28.159,0
2218,2/3/2022 23:00,28.159,0
2219,2/4/2022 0:00,28.06,0
2220,2/4/2022 1:00,27.764,0
2221,2/4/2022 2:00,27.764,0
2222,2/4/2022 3:00,27.468,0
2223,2/4/2022 4:00,27.272,0
2224,2/4/2022 5:00,27.173,0
2225,2/4/2022 6:00,26.977,0
2226,2/4/2022 7:00,27.173,21.5
2227,2/4/2022 8:00,27.272,75.3
2228,2/4/2022 9:00,27.37,344.4
2229,2/4/2022 10:00,27.567,452.1
,,,
,,,
,,,
