Plot Title: Hap's #3 (20611126),,,
#,"Date Time, GMT+10:00","Temp, °C (LGR S/N: 20611126, SEN S/N: 20611126)","Intensity, Lux (LGR S/N: 20611126, SEN S/N: 20611126)"
1,3/18/2021 11:00,29.452,75.3
2,3/18/2021 12:00,28.754,925.7
3,3/18/2021 13:00,29.053,16533.4
4,3/18/2021 14:00,28.953,12400.1
5,3/18/2021 15:00,28.853,10333.4
6,3/18/2021 16:00,28.754,6544.5
7,3/18/2021 17:00,28.555,2927.8
8,3/18/2021 18:00,28.456,624.3
9,3/18/2021 19:00,28.456,0
10,3/18/2021 20:00,28.456,0
11,3/18/2021 21:00,28.357,0
12,3/18/2021 22:00,28.357,0
13,3/18/2021 23:00,28.357,0
14,3/19/2021 0:00,28.357,0
15,3/19/2021 1:00,28.357,0
16,3/19/2021 2:00,28.357,0
17,3/19/2021 3:00,28.357,0
18,3/19/2021 4:00,28.357,0
19,3/19/2021 5:00,28.357,0
20,3/19/2021 6:00,28.357,0
21,3/19/2021 7:00,28.357,430.6
22,3/19/2021 8:00,28.456,936.5
23,3/19/2021 9:00,28.655,3100
24,3/19/2021 10:00,28.853,11711.2
25,3/19/2021 11:00,28.754,3272.2
26,3/19/2021 12:00,28.953,4822.3
27,3/19/2021 13:00,28.953,13089
28,3/19/2021 14:00,29.053,14466.8
29,3/19/2021 15:00,28.953,10333.4
30,3/19/2021 16:00,28.853,5511.1
31,3/19/2021 17:00,28.655,3272.2
32,3/19/2021 18:00,28.555,581.3
33,3/19/2021 19:00,28.555,0
34,3/19/2021 20:00,28.456,0
35,3/19/2021 21:00,28.456,0
36,3/19/2021 22:00,28.456,0
37,3/19/2021 23:00,28.456,0
38,3/20/2021 0:00,28.456,0
39,3/20/2021 1:00,28.456,0
40,3/20/2021 2:00,28.456,0
41,3/20/2021 3:00,28.456,0
42,3/20/2021 4:00,28.456,0
43,3/20/2021 5:00,28.456,0
44,3/20/2021 6:00,28.456,0
45,3/20/2021 7:00,28.456,505.9
46,3/20/2021 8:00,28.456,2411.1
47,3/20/2021 9:00,28.655,6200
48,3/20/2021 10:00,28.853,11022.3
49,3/20/2021 11:00,28.953,12400.1
50,3/20/2021 12:00,29.152,13089
51,3/20/2021 13:00,29.152,15844.5
52,3/20/2021 14:00,29.152,10333.4
53,3/20/2021 15:00,29.053,11711.2
54,3/20/2021 16:00,28.853,6544.5
55,3/20/2021 17:00,28.655,1259.4
56,3/20/2021 18:00,28.555,527.4
57,3/20/2021 19:00,28.555,0
58,3/20/2021 20:00,28.456,0
59,3/20/2021 21:00,28.456,0
60,3/20/2021 22:00,28.456,0
61,3/20/2021 23:00,28.456,0
62,3/21/2021 0:00,28.456,0
63,3/21/2021 1:00,28.456,0
64,3/21/2021 2:00,28.456,0
65,3/21/2021 3:00,28.456,0
66,3/21/2021 4:00,28.456,0
67,3/21/2021 5:00,28.456,0
68,3/21/2021 6:00,28.456,0
69,3/21/2021 7:00,28.456,559.7
70,3/21/2021 8:00,28.555,2238.9
71,3/21/2021 9:00,28.655,1377.8
72,3/21/2021 10:00,28.853,8611.2
73,3/21/2021 11:00,28.953,12400.1
74,3/21/2021 12:00,29.053,10677.8
75,3/21/2021 13:00,29.053,15155.7
76,3/21/2021 14:00,29.053,11711.2
77,3/21/2021 15:00,28.953,9644.5
78,3/21/2021 16:00,28.853,6200
79,3/21/2021 17:00,28.655,2411.1
80,3/21/2021 18:00,28.555,495.1
81,3/21/2021 19:00,28.555,0
82,3/21/2021 20:00,28.555,0
83,3/21/2021 21:00,28.456,0
84,3/21/2021 22:00,28.456,0
85,3/21/2021 23:00,28.456,0
86,3/22/2021 0:00,28.456,0
87,3/22/2021 1:00,28.456,0
88,3/22/2021 2:00,28.456,0
89,3/22/2021 3:00,28.456,0
90,3/22/2021 4:00,28.456,0
91,3/22/2021 5:00,28.456,0
92,3/22/2021 6:00,28.456,0
93,3/22/2021 7:00,28.456,613.5
94,3/22/2021 8:00,28.555,2238.9
95,3/22/2021 9:00,28.754,5511.1
96,3/22/2021 10:00,28.853,8266.7
97,3/22/2021 11:00,29.053,13777.9
98,3/22/2021 12:00,29.252,13089
99,3/22/2021 13:00,29.252,13777.9
100,3/22/2021 14:00,29.252,12400.1
101,3/22/2021 15:00,29.152,11022.3
102,3/22/2021 16:00,28.953,6200
103,3/22/2021 17:00,28.754,2583.4
104,3/22/2021 18:00,28.655,549
105,3/22/2021 19:00,28.555,0
106,3/22/2021 20:00,28.555,0
107,3/22/2021 21:00,28.555,0
108,3/22/2021 22:00,28.555,0
109,3/22/2021 23:00,28.555,0
110,3/23/2021 0:00,28.555,0
111,3/23/2021 1:00,28.555,0
112,3/23/2021 2:00,28.555,0
113,3/23/2021 3:00,28.555,0
114,3/23/2021 4:00,28.555,0
115,3/23/2021 5:00,28.555,0
116,3/23/2021 6:00,28.555,0
117,3/23/2021 7:00,28.655,452.1
118,3/23/2021 8:00,28.655,839.6
119,3/23/2021 9:00,28.853,4994.5
120,3/23/2021 10:00,28.953,3100
121,3/23/2021 11:00,29.152,14466.8
122,3/23/2021 12:00,29.252,19289
123,3/23/2021 13:00,29.152,15844.5
124,3/23/2021 14:00,28.853,5166.7
125,3/23/2021 15:00,28.953,10677.8
126,3/23/2021 16:00,28.754,1894.5
127,3/23/2021 17:00,28.754,1377.8
128,3/23/2021 18:00,28.655,753.5
129,3/23/2021 19:00,28.655,0
130,3/23/2021 20:00,28.555,0
131,3/23/2021 21:00,28.555,0
132,3/23/2021 22:00,28.555,0
133,3/23/2021 23:00,28.555,0
134,3/24/2021 0:00,28.555,0
135,3/24/2021 1:00,28.555,0
136,3/24/2021 2:00,28.555,0
137,3/24/2021 3:00,28.555,0
138,3/24/2021 4:00,28.555,0
139,3/24/2021 5:00,28.555,0
140,3/24/2021 6:00,28.456,0
141,3/24/2021 7:00,28.555,473.6
142,3/24/2021 8:00,28.555,1324
143,3/24/2021 9:00,28.655,2927.8
144,3/24/2021 10:00,28.853,5511.1
145,3/24/2021 11:00,29.053,15844.5
146,3/24/2021 12:00,29.053,17222.3
147,3/24/2021 13:00,29.053,16533.4
148,3/24/2021 14:00,29.053,9300.1
149,3/24/2021 15:00,28.853,3616.7
150,3/24/2021 16:00,28.754,2238.9
151,3/24/2021 17:00,28.655,3100
152,3/24/2021 18:00,28.555,516.7
153,3/24/2021 19:00,28.456,0
154,3/24/2021 20:00,28.456,0
155,3/24/2021 21:00,28.456,0
156,3/24/2021 22:00,28.456,0
157,3/24/2021 23:00,28.456,0
158,3/25/2021 0:00,28.456,0
159,3/25/2021 1:00,28.456,0
160,3/25/2021 2:00,28.456,0
161,3/25/2021 3:00,28.456,0
162,3/25/2021 4:00,28.456,0
163,3/25/2021 5:00,28.456,0
164,3/25/2021 6:00,28.456,0
165,3/25/2021 7:00,28.456,602.8
166,3/25/2021 8:00,28.555,2238.9
167,3/25/2021 9:00,28.555,3272.2
168,3/25/2021 10:00,28.853,12400.1
169,3/25/2021 11:00,28.953,13089
170,3/25/2021 12:00,29.152,16533.4
171,3/25/2021 13:00,29.152,15844.5
172,3/25/2021 14:00,29.053,13089
173,3/25/2021 15:00,28.953,8611.2
174,3/25/2021 16:00,28.754,5166.7
175,3/25/2021 17:00,28.655,1463.9
176,3/25/2021 18:00,28.555,452.1
177,3/25/2021 19:00,28.555,0
178,3/25/2021 20:00,28.555,0
179,3/25/2021 21:00,28.555,0
180,3/25/2021 22:00,28.555,0
181,3/25/2021 23:00,28.456,0
182,3/26/2021 0:00,28.555,0
183,3/26/2021 1:00,28.456,0
184,3/26/2021 2:00,28.456,0
185,3/26/2021 3:00,28.456,0
186,3/26/2021 4:00,28.456,0
187,3/26/2021 5:00,28.456,0
188,3/26/2021 6:00,28.456,0
189,3/26/2021 7:00,28.456,312.2
190,3/26/2021 8:00,28.456,1980.6
191,3/26/2021 9:00,28.555,5166.7
192,3/26/2021 10:00,28.655,7577.8
193,3/26/2021 11:00,28.754,4477.8
194,3/26/2021 12:00,28.953,17911.2
195,3/26/2021 13:00,28.853,6544.5
196,3/26/2021 14:00,28.953,11022.3
197,3/26/2021 15:00,28.853,8611.2
198,3/26/2021 16:00,28.853,4650
199,3/26/2021 17:00,28.655,1808.3
200,3/26/2021 18:00,28.555,419.8
201,3/26/2021 19:00,28.555,0
202,3/26/2021 20:00,28.555,0
203,3/26/2021 21:00,28.555,0
204,3/26/2021 22:00,28.555,0
205,3/26/2021 23:00,28.555,0
206,3/27/2021 0:00,28.555,0
207,3/27/2021 1:00,28.555,0
208,3/27/2021 2:00,28.555,0
209,3/27/2021 3:00,28.555,0
210,3/27/2021 4:00,28.555,0
211,3/27/2021 5:00,28.555,0
212,3/27/2021 6:00,28.555,0
213,3/27/2021 7:00,28.555,538.2
214,3/27/2021 8:00,28.555,2066.7
215,3/27/2021 9:00,28.655,1980.6
216,3/27/2021 10:00,28.655,3272.2
217,3/27/2021 11:00,28.853,6544.5
218,3/27/2021 12:00,29.053,17911.2
219,3/27/2021 13:00,28.853,4650
220,3/27/2021 14:00,29.152,12400.1
221,3/27/2021 15:00,29.053,7577.8
222,3/27/2021 16:00,28.853,3444.5
223,3/27/2021 17:00,28.754,1636.1
224,3/27/2021 18:00,28.655,452.1
225,3/27/2021 19:00,28.555,0
226,3/27/2021 20:00,28.655,0
227,3/27/2021 21:00,28.555,0
228,3/27/2021 22:00,28.555,0
229,3/27/2021 23:00,28.555,0
230,3/28/2021 0:00,28.555,0
231,3/28/2021 1:00,28.555,0
232,3/28/2021 2:00,28.555,0
233,3/28/2021 3:00,28.555,0
234,3/28/2021 4:00,28.456,0
235,3/28/2021 5:00,28.456,0
236,3/28/2021 6:00,28.456,0
237,3/28/2021 7:00,28.555,592
238,3/28/2021 8:00,28.555,2325
239,3/28/2021 9:00,28.655,1636.1
240,3/28/2021 10:00,28.853,8611.2
241,3/28/2021 11:00,28.953,12400.1
242,3/28/2021 12:00,29.053,6200
243,3/28/2021 13:00,29.152,13777.9
244,3/28/2021 14:00,29.053,10333.4
245,3/28/2021 15:00,28.953,7233.4
246,3/28/2021 16:00,28.853,5338.9
247,3/28/2021 17:00,28.754,2066.7
248,3/28/2021 18:00,28.655,409
249,3/28/2021 19:00,28.555,0
250,3/28/2021 20:00,28.555,0
251,3/28/2021 21:00,28.555,0
252,3/28/2021 22:00,28.555,0
253,3/28/2021 23:00,28.555,0
254,3/29/2021 0:00,28.555,0
255,3/29/2021 1:00,28.555,0
256,3/29/2021 2:00,28.555,0
257,3/29/2021 3:00,28.555,0
258,3/29/2021 4:00,28.555,0
259,3/29/2021 5:00,28.555,0
260,3/29/2021 6:00,28.555,0
261,3/29/2021 7:00,28.555,484.4
262,3/29/2021 8:00,28.555,1980.6
263,3/29/2021 9:00,28.754,4650
264,3/29/2021 10:00,28.853,8266.7
265,3/29/2021 11:00,28.953,11022.3
266,3/29/2021 12:00,29.053,12400.1
267,3/29/2021 13:00,29.053,14466.8
268,3/29/2021 14:00,29.053,12400.1
269,3/29/2021 15:00,29.053,10333.4
270,3/29/2021 16:00,28.853,5166.7
271,3/29/2021 17:00,28.754,1894.5
272,3/29/2021 18:00,28.655,441.3
273,3/29/2021 19:00,28.555,0
274,3/29/2021 20:00,28.555,0
275,3/29/2021 21:00,28.555,0
276,3/29/2021 22:00,28.555,0
277,3/29/2021 23:00,28.555,0
278,3/30/2021 0:00,28.555,0
279,3/30/2021 1:00,28.555,0
280,3/30/2021 2:00,28.555,0
281,3/30/2021 3:00,28.555,0
282,3/30/2021 4:00,28.555,0
283,3/30/2021 5:00,28.555,0
284,3/30/2021 6:00,28.555,0
285,3/30/2021 7:00,28.555,592
286,3/30/2021 8:00,28.655,2238.9
287,3/30/2021 9:00,28.754,5166.7
288,3/30/2021 10:00,28.953,8611.2
289,3/30/2021 11:00,29.053,12400.1
290,3/30/2021 12:00,29.152,13777.9
291,3/30/2021 13:00,29.152,17911.2
292,3/30/2021 14:00,29.152,13089
293,3/30/2021 15:00,29.053,8266.7
294,3/30/2021 16:00,28.853,4994.5
295,3/30/2021 17:00,28.754,1722.2
296,3/30/2021 18:00,28.655,409
297,3/30/2021 19:00,28.655,0
298,3/30/2021 20:00,28.655,0
299,3/30/2021 21:00,28.655,0
300,3/30/2021 22:00,28.655,0
301,3/30/2021 23:00,28.655,0
302,3/31/2021 0:00,28.655,0
303,3/31/2021 1:00,28.655,0
304,3/31/2021 2:00,28.655,0
305,3/31/2021 3:00,28.655,0
306,3/31/2021 4:00,28.555,0
307,3/31/2021 5:00,28.555,0
308,3/31/2021 6:00,28.555,0
309,3/31/2021 7:00,28.655,645.8
310,3/31/2021 8:00,28.754,2497.2
311,3/31/2021 9:00,28.853,7233.4
312,3/31/2021 10:00,28.754,2066.7
313,3/31/2021 11:00,29.053,4994.5
314,3/31/2021 12:00,29.152,16533.4
315,3/31/2021 13:00,28.754,1636.1
316,3/31/2021 14:00,29.053,6544.5
317,3/31/2021 15:00,28.953,4994.5
318,3/31/2021 16:00,29.053,6544.5
319,3/31/2021 17:00,28.953,1636.1
320,3/31/2021 18:00,28.853,236.8
321,3/31/2021 19:00,28.655,0
322,3/31/2021 20:00,28.655,0
323,3/31/2021 21:00,28.655,0
324,3/31/2021 22:00,28.655,0
325,3/31/2021 23:00,28.754,0
326,4/1/2021 0:00,28.754,0
327,4/1/2021 1:00,28.754,0
328,4/1/2021 2:00,28.655,0
329,4/1/2021 3:00,28.853,0
330,4/1/2021 4:00,28.853,0
331,4/1/2021 5:00,28.853,0
332,4/1/2021 6:00,28.853,0
333,4/1/2021 7:00,28.853,376.7
334,4/1/2021 8:00,28.853,2152.8
335,4/1/2021 9:00,28.953,4650
336,4/1/2021 10:00,29.053,10333.4
337,4/1/2021 11:00,28.953,2152.8
338,4/1/2021 12:00,29.252,16533.4
339,4/1/2021 13:00,29.352,15155.7
340,4/1/2021 14:00,29.352,11022.3
341,4/1/2021 15:00,29.152,9644.5
342,4/1/2021 16:00,29.053,4994.5
343,4/1/2021 17:00,28.953,2411.1
344,4/1/2021 18:00,28.754,430.6
345,4/1/2021 19:00,28.754,0
346,4/1/2021 20:00,28.754,0
347,4/1/2021 21:00,28.655,0
348,4/1/2021 22:00,28.655,0
349,4/1/2021 23:00,28.754,0
350,4/2/2021 0:00,28.655,0
351,4/2/2021 1:00,28.655,0
352,4/2/2021 2:00,28.655,0
353,4/2/2021 3:00,28.655,0
354,4/2/2021 4:00,28.655,0
355,4/2/2021 5:00,28.655,0
356,4/2/2021 6:00,28.655,0
357,4/2/2021 7:00,28.754,710.4
358,4/2/2021 8:00,28.754,2927.8
359,4/2/2021 9:00,28.853,6200
360,4/2/2021 10:00,28.853,4305.6
361,4/2/2021 11:00,29.152,12400.1
362,4/2/2021 12:00,29.352,16533.4
363,4/2/2021 13:00,28.953,5511.1
364,4/2/2021 14:00,28.754,2066.7
365,4/2/2021 15:00,28.754,893.4
366,4/2/2021 16:00,28.853,2669.5
367,4/2/2021 17:00,28.853,1722.2
368,4/2/2021 18:00,28.754,204.5
369,4/2/2021 19:00,28.754,0
370,4/2/2021 20:00,28.754,0
371,4/2/2021 21:00,28.754,0
372,4/2/2021 22:00,28.754,0
373,4/2/2021 23:00,28.754,0
374,4/3/2021 0:00,28.754,0
375,4/3/2021 1:00,28.754,0
376,4/3/2021 2:00,28.754,0
377,4/3/2021 3:00,28.754,0
378,4/3/2021 4:00,28.754,0
379,4/3/2021 5:00,28.754,0
380,4/3/2021 6:00,28.754,0
381,4/3/2021 7:00,28.853,592
382,4/3/2021 8:00,28.853,1463.9
383,4/3/2021 9:00,29.053,4994.5
384,4/3/2021 10:00,29.053,2411.1
385,4/3/2021 11:00,29.152,8611.2
386,4/3/2021 12:00,29.352,15844.5
387,4/3/2021 13:00,29.252,12400.1
388,4/3/2021 14:00,28.953,3444.5
389,4/3/2021 15:00,28.953,2755.6
390,4/3/2021 16:00,29.053,1808.3
391,4/3/2021 17:00,28.953,635.1
392,4/3/2021 18:00,28.853,290.6
393,4/3/2021 19:00,28.754,0
394,4/3/2021 20:00,28.754,0
395,4/3/2021 21:00,28.754,0
396,4/3/2021 22:00,28.754,0
397,4/3/2021 23:00,28.754,0
398,4/4/2021 0:00,28.754,0
399,4/4/2021 1:00,28.754,0
400,4/4/2021 2:00,28.754,0
401,4/4/2021 3:00,28.754,0
402,4/4/2021 4:00,28.754,0
403,4/4/2021 5:00,28.754,0
404,4/4/2021 6:00,28.754,0
405,4/4/2021 7:00,28.853,688.9
406,4/4/2021 8:00,28.853,2411.1
407,4/4/2021 9:00,28.953,5166.7
408,4/4/2021 10:00,29.152,3961.1
409,4/4/2021 11:00,28.953,3788.9
410,4/4/2021 12:00,28.853,2066.7
411,4/4/2021 13:00,28.853,2583.4
412,4/4/2021 14:00,28.853,1894.5
413,4/4/2021 15:00,29.053,3788.9
414,4/4/2021 16:00,28.953,2152.8
415,4/4/2021 17:00,28.853,1334.7
416,4/4/2021 18:00,28.853,333.7
417,4/4/2021 19:00,28.754,0
418,4/4/2021 20:00,28.754,0
419,4/4/2021 21:00,28.754,0
420,4/4/2021 22:00,28.853,0
421,4/4/2021 23:00,28.754,0
422,4/5/2021 0:00,28.655,0
423,4/5/2021 1:00,28.754,0
424,4/5/2021 2:00,28.754,0
425,4/5/2021 3:00,28.853,0
426,4/5/2021 4:00,28.853,0
427,4/5/2021 5:00,28.853,0
428,4/5/2021 6:00,28.853,0
429,4/5/2021 7:00,28.853,495.1
430,4/5/2021 8:00,28.953,1377.8
431,4/5/2021 9:00,29.053,2411.1
432,4/5/2021 10:00,28.953,1808.3
433,4/5/2021 11:00,29.352,12400.1
434,4/5/2021 12:00,29.053,2755.6
435,4/5/2021 13:00,29.053,3272.2
436,4/5/2021 14:00,29.053,3272.2
437,4/5/2021 15:00,29.053,2927.8
438,4/5/2021 16:00,29.053,1722.2
439,4/5/2021 17:00,28.953,850.4
440,4/5/2021 18:00,28.953,215.3
441,4/5/2021 19:00,28.953,0
442,4/5/2021 20:00,28.953,0
443,4/5/2021 21:00,28.853,0
444,4/5/2021 22:00,28.853,0
445,4/5/2021 23:00,28.853,0
446,4/6/2021 0:00,28.953,0
447,4/6/2021 1:00,28.953,0
448,4/6/2021 2:00,28.853,0
449,4/6/2021 3:00,28.853,0
450,4/6/2021 4:00,28.853,0
451,4/6/2021 5:00,28.853,0
452,4/6/2021 6:00,28.754,0
453,4/6/2021 7:00,28.754,549
454,4/6/2021 8:00,28.953,1980.6
455,4/6/2021 9:00,29.053,4305.6
456,4/6/2021 10:00,29.053,2066.7
457,4/6/2021 11:00,29.152,13777.9
458,4/6/2021 12:00,28.953,2927.8
459,4/6/2021 13:00,29.352,12400.1
460,4/6/2021 14:00,29.252,1302.4
461,4/6/2021 15:00,29.352,7233.4
462,4/6/2021 16:00,29.053,731.9
463,4/6/2021 17:00,29.053,947.2
464,4/6/2021 18:00,29.053,312.2
465,4/6/2021 19:00,28.953,0
466,4/6/2021 20:00,28.953,0
467,4/6/2021 21:00,28.853,0
468,4/6/2021 22:00,28.853,0
469,4/6/2021 23:00,28.953,0
470,4/7/2021 0:00,28.953,0
471,4/7/2021 1:00,28.953,0
472,4/7/2021 2:00,28.953,0
473,4/7/2021 3:00,28.953,0
474,4/7/2021 4:00,28.853,0
475,4/7/2021 5:00,29.053,0
476,4/7/2021 6:00,29.053,0
477,4/7/2021 7:00,29.053,462.9
478,4/7/2021 8:00,29.053,1722.2
479,4/7/2021 9:00,29.152,4650
480,4/7/2021 10:00,29.252,6544.5
481,4/7/2021 11:00,29.252,3616.7
482,4/7/2021 12:00,29.053,1463.9
483,4/7/2021 13:00,29.152,893.4
484,4/7/2021 14:00,29.252,1894.5
485,4/7/2021 15:00,29.252,3616.7
486,4/7/2021 16:00,29.252,6200
487,4/7/2021 17:00,29.152,1894.5
488,4/7/2021 18:00,29.053,366
489,4/7/2021 19:00,29.053,0
490,4/7/2021 20:00,29.053,0
491,4/7/2021 21:00,28.953,0
492,4/7/2021 22:00,28.953,0
493,4/7/2021 23:00,28.953,0
494,4/8/2021 0:00,29.053,0
495,4/8/2021 1:00,29.053,0
496,4/8/2021 2:00,29.053,0
497,4/8/2021 3:00,29.053,0
498,4/8/2021 4:00,29.053,0
499,4/8/2021 5:00,29.053,0
500,4/8/2021 6:00,28.953,0
501,4/8/2021 7:00,29.152,613.5
502,4/8/2021 8:00,28.953,2066.7
503,4/8/2021 9:00,29.152,3100
504,4/8/2021 10:00,29.252,8611.2
505,4/8/2021 11:00,29.452,12400.1
506,4/8/2021 12:00,29.452,4650
507,4/8/2021 13:00,29.452,11022.3
508,4/8/2021 14:00,29.452,8611.2
509,4/8/2021 15:00,29.452,5511.1
510,4/8/2021 16:00,29.352,1550
511,4/8/2021 17:00,29.252,1108.7
512,4/8/2021 18:00,29.152,236.8
513,4/8/2021 19:00,29.152,0
514,4/8/2021 20:00,29.152,0
515,4/8/2021 21:00,29.152,0
516,4/8/2021 22:00,29.152,0
517,4/8/2021 23:00,29.152,0
518,4/9/2021 0:00,29.053,0
519,4/9/2021 1:00,29.152,0
520,4/9/2021 2:00,29.053,0
521,4/9/2021 3:00,29.152,0
522,4/9/2021 4:00,29.152,0
523,4/9/2021 5:00,29.152,0
524,4/9/2021 6:00,29.152,0
525,4/9/2021 7:00,29.152,505.9
526,4/9/2021 8:00,29.252,1980.6
527,4/9/2021 9:00,29.252,3961.1
528,4/9/2021 10:00,29.452,7577.8
529,4/9/2021 11:00,29.552,11711.2
530,4/9/2021 12:00,29.552,3100
531,4/9/2021 13:00,29.552,9644.5
532,4/9/2021 14:00,29.552,7577.8
533,4/9/2021 15:00,29.552,4994.5
534,4/9/2021 16:00,29.452,904.2
535,4/9/2021 17:00,29.452,1054.9
536,4/9/2021 18:00,29.352,279.9
537,4/9/2021 19:00,29.352,0
538,4/9/2021 20:00,29.352,0
539,4/9/2021 21:00,29.352,0
540,4/9/2021 22:00,29.352,0
541,4/9/2021 23:00,29.352,0
542,4/10/2021 0:00,29.352,0
543,4/10/2021 1:00,29.352,0
544,4/10/2021 2:00,29.352,0
545,4/10/2021 3:00,29.352,0
546,4/10/2021 4:00,29.252,0
547,4/10/2021 5:00,29.252,0
548,4/10/2021 6:00,29.252,0
549,4/10/2021 7:00,29.252,484.4
550,4/10/2021 8:00,29.352,1550
551,4/10/2021 9:00,29.452,5166.7
552,4/10/2021 10:00,29.452,2755.6
553,4/10/2021 11:00,29.652,10677.8
554,4/10/2021 12:00,29.552,2152.8
555,4/10/2021 13:00,29.652,11022.3
556,4/10/2021 14:00,29.652,10333.4
557,4/10/2021 15:00,29.552,5511.1
558,4/10/2021 16:00,29.452,1722.2
559,4/10/2021 17:00,29.252,1054.9
560,4/10/2021 18:00,29.152,452.1
561,4/10/2021 19:00,29.053,0
562,4/10/2021 20:00,29.053,0
563,4/10/2021 21:00,28.953,0
564,4/10/2021 22:00,28.953,0
565,4/10/2021 23:00,28.853,0
566,4/11/2021 0:00,28.953,0
567,4/11/2021 1:00,28.853,0
568,4/11/2021 2:00,29.053,0
569,4/11/2021 3:00,29.053,0
570,4/11/2021 4:00,28.953,0
571,4/11/2021 5:00,29.053,0
572,4/11/2021 6:00,29.053,0
573,4/11/2021 7:00,29.152,731.9
574,4/11/2021 8:00,29.152,1280.9
575,4/11/2021 9:00,29.352,4133.4
576,4/11/2021 10:00,29.452,6544.5
577,4/11/2021 11:00,29.352,4305.6
578,4/11/2021 12:00,29.452,3961.1
579,4/11/2021 13:00,29.452,6544.5
580,4/11/2021 14:00,29.452,5166.7
581,4/11/2021 15:00,29.452,3616.7
582,4/11/2021 16:00,29.352,1463.9
583,4/11/2021 17:00,29.352,1324
584,4/11/2021 18:00,29.252,376.7
585,4/11/2021 19:00,29.252,0
586,4/11/2021 20:00,29.252,0
587,4/11/2021 21:00,29.152,0
588,4/11/2021 22:00,29.152,0
589,4/11/2021 23:00,29.053,0
590,4/12/2021 0:00,29.053,0
591,4/12/2021 1:00,29.053,0
592,4/12/2021 2:00,29.053,0
593,4/12/2021 3:00,29.053,0
594,4/12/2021 4:00,29.053,0
595,4/12/2021 5:00,29.053,0
596,4/12/2021 6:00,29.053,0
597,4/12/2021 7:00,29.152,376.7
598,4/12/2021 8:00,29.252,1808.3
599,4/12/2021 9:00,29.352,2497.2
600,4/12/2021 10:00,29.552,7577.8
601,4/12/2021 11:00,29.652,9644.5
602,4/12/2021 12:00,29.752,8266.7
603,4/12/2021 13:00,29.752,11711.2
604,4/12/2021 14:00,29.652,7233.4
605,4/12/2021 15:00,29.552,4650
606,4/12/2021 16:00,29.552,2238.9
607,4/12/2021 17:00,29.352,1022.6
608,4/12/2021 18:00,29.252,247.6
609,4/12/2021 19:00,29.152,0
610,4/12/2021 20:00,29.152,0
611,4/12/2021 21:00,29.152,0
612,4/12/2021 22:00,29.152,0
613,4/12/2021 23:00,29.152,0
614,4/13/2021 0:00,29.152,0
615,4/13/2021 1:00,29.152,0
616,4/13/2021 2:00,29.152,0
617,4/13/2021 3:00,29.152,0
618,4/13/2021 4:00,29.152,0
619,4/13/2021 5:00,29.152,0
620,4/13/2021 6:00,29.152,0
621,4/13/2021 7:00,29.152,279.9
622,4/13/2021 8:00,29.152,505.9
623,4/13/2021 9:00,29.352,2755.6
624,4/13/2021 10:00,29.552,4822.3
625,4/13/2021 11:00,29.352,2066.7
626,4/13/2021 12:00,29.552,4650
627,4/13/2021 13:00,29.552,4822.3
628,4/13/2021 14:00,29.652,3444.5
629,4/13/2021 15:00,29.452,1722.2
630,4/13/2021 16:00,29.352,1054.9
631,4/13/2021 17:00,29.352,538.2
632,4/13/2021 18:00,29.252,139.9
633,4/13/2021 19:00,29.152,0
634,4/13/2021 20:00,29.152,0
635,4/13/2021 21:00,29.152,0
636,4/13/2021 22:00,29.053,0
637,4/13/2021 23:00,29.053,0
638,4/14/2021 0:00,29.053,0
639,4/14/2021 1:00,29.152,0
640,4/14/2021 2:00,29.152,0
641,4/14/2021 3:00,29.152,0
642,4/14/2021 4:00,29.053,0
643,4/14/2021 5:00,29.053,0
644,4/14/2021 6:00,29.053,0
645,4/14/2021 7:00,29.053,236.8
646,4/14/2021 8:00,29.152,635.1
647,4/14/2021 9:00,29.252,1894.5
648,4/14/2021 10:00,29.252,1980.6
649,4/14/2021 11:00,29.352,1205.6
650,4/14/2021 12:00,29.352,5511.1
651,4/14/2021 13:00,29.552,4650
652,4/14/2021 14:00,29.552,2927.8
653,4/14/2021 15:00,29.352,1205.6
654,4/14/2021 16:00,29.352,1184
655,4/14/2021 17:00,29.352,753.5
656,4/14/2021 18:00,29.252,226
657,4/14/2021 19:00,29.252,0
658,4/14/2021 20:00,29.252,0
659,4/14/2021 21:00,29.252,0
660,4/14/2021 22:00,29.252,0
661,4/14/2021 23:00,29.252,0
662,4/15/2021 0:00,29.152,0
663,4/15/2021 1:00,29.152,0
664,4/15/2021 2:00,29.252,0
665,4/15/2021 3:00,29.152,0
666,4/15/2021 4:00,29.152,0
667,4/15/2021 5:00,29.152,0
668,4/15/2021 6:00,29.152,0
669,4/15/2021 7:00,29.152,322.9
670,4/15/2021 8:00,29.252,1022.6
671,4/15/2021 9:00,29.352,1894.5
672,4/15/2021 10:00,29.452,4133.4
673,4/15/2021 11:00,29.552,7577.8
674,4/15/2021 12:00,29.552,5166.7
675,4/15/2021 13:00,29.552,1550
676,4/15/2021 14:00,29.552,3444.5
677,4/15/2021 15:00,29.552,2066.7
678,4/15/2021 16:00,29.452,1001
679,4/15/2021 17:00,29.352,559.7
680,4/15/2021 18:00,29.252,172.2
681,4/15/2021 19:00,29.252,0
682,4/15/2021 20:00,29.252,0
683,4/15/2021 21:00,29.252,0
684,4/15/2021 22:00,29.152,0
685,4/15/2021 23:00,29.152,0
686,4/16/2021 0:00,29.152,0
687,4/16/2021 1:00,29.053,0
688,4/16/2021 2:00,28.953,0
689,4/16/2021 3:00,29.053,0
690,4/16/2021 4:00,29.152,0
691,4/16/2021 5:00,29.053,0
692,4/16/2021 6:00,29.053,0
693,4/16/2021 7:00,29.053,258.3
694,4/16/2021 8:00,29.152,828.8
695,4/16/2021 9:00,29.252,2411.1
696,4/16/2021 10:00,29.352,2583.4
697,4/16/2021 11:00,29.352,5511.1
698,4/16/2021 12:00,29.452,5166.7
699,4/16/2021 13:00,29.252,914.9
700,4/16/2021 14:00,29.452,1980.6
701,4/16/2021 15:00,29.352,1550
702,4/16/2021 16:00,29.352,818.1
703,4/16/2021 17:00,29.252,430.6
704,4/16/2021 18:00,29.252,118.4
705,4/16/2021 19:00,29.152,0
706,4/16/2021 20:00,29.252,0
707,4/16/2021 21:00,29.152,0
708,4/16/2021 22:00,29.152,0
709,4/16/2021 23:00,29.152,0
710,4/17/2021 0:00,29.152,0
711,4/17/2021 1:00,29.152,0
712,4/17/2021 2:00,29.152,0
713,4/17/2021 3:00,29.152,0
714,4/17/2021 4:00,29.152,0
715,4/17/2021 5:00,29.152,0
716,4/17/2021 6:00,29.152,0
717,4/17/2021 7:00,29.152,53.8
718,4/17/2021 8:00,29.152,118.4
719,4/17/2021 9:00,29.152,344.4
720,4/17/2021 10:00,29.252,290.6
721,4/17/2021 11:00,29.352,1334.7
722,4/17/2021 12:00,29.252,355.2
723,4/17/2021 13:00,29.152,947.2
724,4/17/2021 14:00,29.152,667.4
725,4/17/2021 15:00,29.252,366
726,4/17/2021 16:00,29.252,398.3
727,4/17/2021 17:00,29.152,150.7
728,4/17/2021 18:00,29.152,32.3
729,4/17/2021 19:00,29.252,0
730,4/17/2021 20:00,29.053,0
731,4/17/2021 21:00,29.053,0
732,4/17/2021 22:00,29.053,0
733,4/17/2021 23:00,29.053,0
734,4/18/2021 0:00,29.053,0
735,4/18/2021 1:00,29.053,0
736,4/18/2021 2:00,29.053,0
737,4/18/2021 3:00,29.152,0
738,4/18/2021 4:00,29.152,0
739,4/18/2021 5:00,29.152,0
740,4/18/2021 6:00,29.152,0
741,4/18/2021 7:00,29.053,10.8
742,4/18/2021 8:00,29.152,107.6
743,4/18/2021 9:00,29.152,150.7
744,4/18/2021 10:00,29.152,32.3
745,4/18/2021 11:00,29.152,183
746,4/18/2021 12:00,29.152,118.4
747,4/18/2021 13:00,29.252,32.3
748,4/18/2021 14:00,29.152,32.3
749,4/18/2021 15:00,29.352,0
750,4/18/2021 16:00,29.252,0
751,4/18/2021 17:00,29.252,0
752,4/18/2021 18:00,29.252,0
753,4/18/2021 19:00,29.252,0
754,4/18/2021 20:00,29.152,0
755,4/18/2021 21:00,29.152,0
756,4/18/2021 22:00,29.152,0
757,4/18/2021 23:00,29.152,0
758,4/19/2021 0:00,29.152,0
759,4/19/2021 1:00,29.152,0
760,4/19/2021 2:00,29.152,0
761,4/19/2021 3:00,29.053,0
762,4/19/2021 4:00,29.053,0
763,4/19/2021 5:00,29.053,0
764,4/19/2021 6:00,29.053,0
765,4/19/2021 7:00,29.053,21.5
766,4/19/2021 8:00,29.053,150.7
767,4/19/2021 9:00,29.053,129.2
768,4/19/2021 10:00,29.053,64.6
769,4/19/2021 11:00,29.053,107.6
770,4/19/2021 12:00,29.152,279.9
771,4/19/2021 13:00,29.152,807.3
772,4/19/2021 14:00,29.152,161.5
773,4/19/2021 15:00,29.152,172.2
774,4/19/2021 16:00,29.152,290.6
775,4/19/2021 17:00,29.152,118.4
776,4/19/2021 18:00,29.152,10.8
777,4/19/2021 19:00,29.152,0
778,4/19/2021 20:00,29.152,0
779,4/19/2021 21:00,29.152,0
780,4/19/2021 22:00,29.252,0
781,4/19/2021 23:00,29.252,0
782,4/20/2021 0:00,29.252,0
783,4/20/2021 1:00,29.252,0
784,4/20/2021 2:00,29.252,0
785,4/20/2021 3:00,29.252,0
786,4/20/2021 4:00,29.252,0
787,4/20/2021 5:00,29.152,0
788,4/20/2021 6:00,29.252,0
789,4/20/2021 7:00,29.252,10.8
790,4/20/2021 8:00,29.252,86.1
791,4/20/2021 9:00,29.252,118.4
792,4/20/2021 10:00,29.252,236.8
793,4/20/2021 11:00,29.352,366
794,4/20/2021 12:00,29.452,258.3
795,4/20/2021 13:00,29.552,53.8
796,4/20/2021 14:00,29.452,226
797,4/20/2021 15:00,29.552,161.5
798,4/20/2021 16:00,29.652,107.6
799,4/20/2021 17:00,29.652,32.3
800,4/20/2021 18:00,29.652,10.8
801,4/20/2021 19:00,29.652,0
802,4/20/2021 20:00,29.652,0
803,4/20/2021 21:00,29.652,0
804,4/20/2021 22:00,29.652,0
805,4/20/2021 23:00,29.652,0
806,4/21/2021 0:00,29.552,0
807,4/21/2021 1:00,29.452,0
808,4/21/2021 2:00,29.552,0
809,4/21/2021 3:00,29.452,0
810,4/21/2021 4:00,29.452,0
811,4/21/2021 5:00,29.452,0
812,4/21/2021 6:00,29.452,0
813,4/21/2021 7:00,29.352,10.8
814,4/21/2021 8:00,29.352,53.8
815,4/21/2021 9:00,29.452,129.2
816,4/21/2021 10:00,29.452,193.8
817,4/21/2021 11:00,29.452,43.1
818,4/21/2021 12:00,29.452,75.3
819,4/21/2021 13:00,29.552,183
820,4/21/2021 14:00,29.652,64.6
821,4/21/2021 15:00,29.652,32.3
822,4/21/2021 16:00,29.853,0
823,4/21/2021 17:00,29.853,0
824,4/21/2021 18:00,29.853,0
825,4/21/2021 19:00,29.752,0
826,4/21/2021 20:00,29.552,0
827,4/21/2021 21:00,29.652,0
828,4/21/2021 22:00,29.452,0
829,4/21/2021 23:00,29.452,0
830,4/22/2021 0:00,29.452,0
831,4/22/2021 1:00,29.352,0
832,4/22/2021 2:00,29.352,0
833,4/22/2021 3:00,29.352,0
834,4/22/2021 4:00,29.352,0
835,4/22/2021 5:00,29.252,0
836,4/22/2021 6:00,29.252,0
837,4/22/2021 7:00,29.252,10.8
838,4/22/2021 8:00,29.252,86.1
839,4/22/2021 9:00,29.252,107.6
840,4/22/2021 10:00,29.252,129.2
841,4/22/2021 11:00,29.252,398.3
842,4/22/2021 12:00,29.452,527.4
843,4/22/2021 13:00,29.452,549
844,4/22/2021 14:00,29.452,86.1
845,4/22/2021 15:00,29.352,64.6
846,4/22/2021 16:00,29.352,107.6
847,4/22/2021 17:00,29.352,139.9
848,4/22/2021 18:00,29.452,32.3
849,4/22/2021 19:00,29.352,0
850,4/22/2021 20:00,29.552,0
851,4/22/2021 21:00,29.652,0
852,4/22/2021 22:00,29.552,0
853,4/22/2021 23:00,29.552,0
854,4/23/2021 0:00,29.452,0
855,4/23/2021 1:00,29.452,0
856,4/23/2021 2:00,29.452,0
857,4/23/2021 3:00,29.452,0
858,4/23/2021 4:00,29.352,0
859,4/23/2021 5:00,29.352,0
860,4/23/2021 6:00,29.352,0
861,4/23/2021 7:00,29.452,86.1
862,4/23/2021 8:00,29.352,193.8
863,4/23/2021 9:00,29.452,355.2
864,4/23/2021 10:00,29.452,592
865,4/23/2021 11:00,29.452,645.8
866,4/23/2021 12:00,29.552,828.8
867,4/23/2021 13:00,29.452,688.9
868,4/23/2021 14:00,29.552,624.3
869,4/23/2021 15:00,29.552,473.6
870,4/23/2021 16:00,29.452,269.1
871,4/23/2021 17:00,29.552,183
872,4/23/2021 18:00,29.552,32.3
873,4/23/2021 19:00,29.552,0
874,4/23/2021 20:00,29.552,0
875,4/23/2021 21:00,29.652,0
876,4/23/2021 22:00,29.652,0
877,4/23/2021 23:00,29.652,0
878,4/24/2021 0:00,29.652,0
879,4/24/2021 1:00,29.652,0
880,4/24/2021 2:00,29.652,0
881,4/24/2021 3:00,29.652,0
882,4/24/2021 4:00,29.552,0
883,4/24/2021 5:00,29.552,0
884,4/24/2021 6:00,29.452,0
885,4/24/2021 7:00,29.452,43.1
886,4/24/2021 8:00,29.552,333.7
887,4/24/2021 9:00,29.452,635.1
888,4/24/2021 10:00,29.552,893.4
889,4/24/2021 11:00,29.652,1065.6
890,4/24/2021 12:00,29.652,1194.8
891,4/24/2021 13:00,29.752,1302.4
892,4/24/2021 14:00,29.752,1227.1
893,4/24/2021 15:00,29.652,1259.4
894,4/24/2021 16:00,29.652,742.7
895,4/24/2021 17:00,29.652,419.8
896,4/24/2021 18:00,29.652,64.6
897,4/24/2021 19:00,29.552,0
898,4/24/2021 20:00,29.552,0
899,4/24/2021 21:00,29.452,0
900,4/24/2021 22:00,29.452,0
901,4/24/2021 23:00,29.452,0
902,4/25/2021 0:00,29.552,0
903,4/25/2021 1:00,29.552,0
904,4/25/2021 2:00,29.452,0
905,4/25/2021 3:00,29.452,0
906,4/25/2021 4:00,29.552,0
907,4/25/2021 5:00,29.552,0
908,4/25/2021 6:00,29.552,0
909,4/25/2021 7:00,29.652,269.1
910,4/25/2021 8:00,29.652,549
911,4/25/2021 9:00,29.752,1108.7
912,4/25/2021 10:00,29.752,1324
913,4/25/2021 11:00,29.853,1377.8
914,4/25/2021 12:00,29.853,1162.5
915,4/25/2021 13:00,29.752,882.6
916,4/25/2021 14:00,29.752,1087.2
917,4/25/2021 15:00,29.752,484.4
918,4/25/2021 16:00,29.752,796.5
919,4/25/2021 17:00,29.752,312.2
920,4/25/2021 18:00,29.752,43.1
921,4/25/2021 19:00,29.752,0
922,4/25/2021 20:00,29.752,0
923,4/25/2021 21:00,29.652,0
924,4/25/2021 22:00,29.652,0
925,4/25/2021 23:00,29.552,0
926,4/26/2021 0:00,29.552,0
927,4/26/2021 1:00,29.652,0
928,4/26/2021 2:00,29.652,0
929,4/26/2021 3:00,29.652,0
930,4/26/2021 4:00,29.652,0
931,4/26/2021 5:00,29.552,0
932,4/26/2021 6:00,29.552,0
933,4/26/2021 7:00,29.552,21.5
934,4/26/2021 8:00,29.552,96.9
935,4/26/2021 9:00,29.452,139.9
936,4/26/2021 10:00,29.452,86.1
937,4/26/2021 11:00,29.552,355.2
938,4/26/2021 12:00,29.552,613.5
939,4/26/2021 13:00,29.552,333.7
940,4/26/2021 14:00,29.552,129.2
941,4/26/2021 15:00,29.652,322.9
942,4/26/2021 16:00,29.552,129.2
943,4/26/2021 17:00,29.652,0
944,4/26/2021 18:00,29.552,0
945,4/26/2021 19:00,29.552,0
946,4/26/2021 20:00,29.552,0
947,4/26/2021 21:00,29.552,0
948,4/26/2021 22:00,29.552,0
949,4/26/2021 23:00,29.552,0
950,4/27/2021 0:00,29.552,0
951,4/27/2021 1:00,29.552,0
952,4/27/2021 2:00,29.452,0
953,4/27/2021 3:00,29.452,0
954,4/27/2021 4:00,29.452,0
955,4/27/2021 5:00,29.452,0
956,4/27/2021 6:00,29.452,0
957,4/27/2021 7:00,29.352,0
958,4/27/2021 8:00,29.452,86.1
959,4/27/2021 9:00,29.452,333.7
960,4/27/2021 10:00,29.452,183
961,4/27/2021 11:00,29.452,139.9
962,4/27/2021 12:00,29.552,355.2
963,4/27/2021 13:00,29.552,64.6
964,4/27/2021 14:00,29.552,527.4
965,4/27/2021 15:00,29.552,398.3
966,4/27/2021 16:00,29.552,527.4
967,4/27/2021 17:00,29.552,258.3
968,4/27/2021 18:00,29.552,32.3
969,4/27/2021 19:00,29.552,0
970,4/27/2021 20:00,29.552,0
971,4/27/2021 21:00,29.552,0
972,4/27/2021 22:00,29.452,0
973,4/27/2021 23:00,29.452,0
974,4/28/2021 0:00,29.352,0
975,4/28/2021 1:00,29.452,0
976,4/28/2021 2:00,29.452,0
977,4/28/2021 3:00,29.352,0
978,4/28/2021 4:00,29.452,0
979,4/28/2021 5:00,29.452,0
980,4/28/2021 6:00,29.352,0
981,4/28/2021 7:00,29.352,161.5
982,4/28/2021 8:00,29.252,549
983,4/28/2021 9:00,29.352,236.8
984,4/28/2021 10:00,29.452,1550
985,4/28/2021 11:00,29.452,861.1
986,4/28/2021 12:00,29.452,549
987,4/28/2021 13:00,29.552,1205.6
988,4/28/2021 14:00,29.652,2066.7
989,4/28/2021 15:00,29.552,139.9
990,4/28/2021 16:00,29.552,215.3
991,4/28/2021 17:00,29.452,193.8
992,4/28/2021 18:00,29.452,96.9
993,4/28/2021 19:00,29.452,0
994,4/28/2021 20:00,29.452,0
995,4/28/2021 21:00,29.552,0
996,4/28/2021 22:00,29.552,0
997,4/28/2021 23:00,29.552,0
998,4/29/2021 0:00,29.552,0
999,4/29/2021 1:00,29.552,0
1000,4/29/2021 2:00,29.652,0
1001,4/29/2021 3:00,29.552,0
1002,4/29/2021 4:00,29.652,0
1003,4/29/2021 5:00,29.552,0
1004,4/29/2021 6:00,29.552,0
1005,4/29/2021 7:00,29.552,333.7
1006,4/29/2021 8:00,29.652,904.2
1007,4/29/2021 9:00,29.652,1550
1008,4/29/2021 10:00,29.652,2066.7
1009,4/29/2021 11:00,29.752,1894.5
1010,4/29/2021 12:00,29.853,1194.8
1011,4/29/2021 13:00,29.752,592
1012,4/29/2021 14:00,29.853,1259.4
1013,4/29/2021 15:00,29.752,968.8
1014,4/29/2021 16:00,29.652,871.9
1015,4/29/2021 17:00,29.552,570.5
1016,4/29/2021 18:00,29.452,118.4
1017,4/29/2021 19:00,29.352,0
1018,4/29/2021 20:00,29.352,0
1019,4/29/2021 21:00,29.252,0
1020,4/29/2021 22:00,29.352,0
1021,4/29/2021 23:00,29.352,0
1022,4/30/2021 0:00,29.352,0
1023,4/30/2021 1:00,29.352,0
1024,4/30/2021 2:00,29.452,0
1025,4/30/2021 3:00,29.452,0
1026,4/30/2021 4:00,29.452,0
1027,4/30/2021 5:00,29.452,0
1028,4/30/2021 6:00,29.452,0
1029,4/30/2021 7:00,29.452,193.8
1030,4/30/2021 8:00,29.552,559.7
1031,4/30/2021 9:00,29.652,871.9
1032,4/30/2021 10:00,29.752,1108.7
1033,4/30/2021 11:00,29.853,936.5
1034,4/30/2021 12:00,29.853,1722.2
1035,4/30/2021 13:00,29.752,1227.1
1036,4/30/2021 14:00,29.752,2238.9
1037,4/30/2021 15:00,29.752,2583.4
1038,4/30/2021 16:00,29.752,1894.5
1039,4/30/2021 17:00,29.552,796.5
1040,4/30/2021 18:00,29.452,118.4
1041,4/30/2021 19:00,29.452,0
1042,4/30/2021 20:00,29.452,0
1043,4/30/2021 21:00,29.452,0
1044,4/30/2021 22:00,29.452,0
1045,4/30/2021 23:00,29.452,0
1046,5/1/2021 0:00,29.152,0
1047,5/1/2021 1:00,28.853,0
1048,5/1/2021 2:00,29.252,0
1049,5/1/2021 3:00,29.252,0
1050,5/1/2021 4:00,29.352,0
1051,5/1/2021 5:00,29.452,0
1052,5/1/2021 6:00,29.452,0
1053,5/1/2021 7:00,29.452,236.8
1054,5/1/2021 8:00,29.552,559.7
1055,5/1/2021 9:00,29.552,441.3
1056,5/1/2021 10:00,29.652,1313.2
1057,5/1/2021 11:00,29.953,1463.9
1058,5/1/2021 12:00,30.054,1980.6
1059,5/1/2021 13:00,29.953,2238.9
1060,5/1/2021 14:00,29.752,893.4
1061,5/1/2021 15:00,29.853,3100
1062,5/1/2021 16:00,29.752,2755.6
1063,5/1/2021 17:00,29.652,645.8
1064,5/1/2021 18:00,29.652,183
1065,5/1/2021 19:00,29.552,0
1066,5/1/2021 20:00,29.452,0
1067,5/1/2021 21:00,29.452,0
1068,5/1/2021 22:00,29.452,0
1069,5/1/2021 23:00,29.352,0
1070,5/2/2021 0:00,29.352,0
1071,5/2/2021 1:00,29.352,0
1072,5/2/2021 2:00,29.352,0
1073,5/2/2021 3:00,29.352,0
1074,5/2/2021 4:00,29.352,0
1075,5/2/2021 5:00,29.352,0
1076,5/2/2021 6:00,29.452,0
1077,5/2/2021 7:00,29.452,226
1078,5/2/2021 8:00,29.552,549
1079,5/2/2021 9:00,29.552,322.9
1080,5/2/2021 10:00,29.652,1162.5
1081,5/2/2021 11:00,29.853,1377.8
1082,5/2/2021 12:00,29.853,968.8
1083,5/2/2021 13:00,29.752,2669.5
1084,5/2/2021 14:00,29.352,3272.2
1085,5/2/2021 15:00,29.252,2755.6
1086,5/2/2021 16:00,29.352,2238.9
1087,5/2/2021 17:00,29.252,958
1088,5/2/2021 18:00,29.252,161.5
1089,5/2/2021 19:00,29.252,0
1090,5/2/2021 20:00,29.352,0
1091,5/2/2021 21:00,29.252,0
1092,5/2/2021 22:00,29.252,0
1093,5/2/2021 23:00,29.252,0
1094,5/3/2021 0:00,29.252,0
1095,5/3/2021 1:00,29.252,0
1096,5/3/2021 2:00,29.252,0
1097,5/3/2021 3:00,29.252,0
1098,5/3/2021 4:00,29.252,0
1099,5/3/2021 5:00,29.252,0
1100,5/3/2021 6:00,29.252,0
1101,5/3/2021 7:00,29.252,247.6
1102,5/3/2021 8:00,29.352,473.6
1103,5/3/2021 9:00,29.452,807.3
1104,5/3/2021 10:00,29.552,1463.9
1105,5/3/2021 11:00,29.452,549
1106,5/3/2021 12:00,29.752,1808.3
1107,5/3/2021 13:00,29.752,1980.6
1108,5/3/2021 14:00,29.752,2755.6
1109,5/3/2021 15:00,29.652,3100
1110,5/3/2021 16:00,29.652,1636.1
1111,5/3/2021 17:00,29.552,785.8
1112,5/3/2021 18:00,29.552,107.6
1113,5/3/2021 19:00,29.452,0
1114,5/3/2021 20:00,29.552,0
1115,5/3/2021 21:00,29.552,0
1116,5/3/2021 22:00,29.452,0
1117,5/3/2021 23:00,29.452,0
1118,5/4/2021 0:00,29.452,0
1119,5/4/2021 1:00,29.452,0
1120,5/4/2021 2:00,29.452,0
1121,5/4/2021 3:00,29.452,0
1122,5/4/2021 4:00,29.452,0
1123,5/4/2021 5:00,29.452,0
1124,5/4/2021 6:00,29.452,0
1125,5/4/2021 7:00,29.452,226
1126,5/4/2021 8:00,29.452,592
1127,5/4/2021 9:00,29.452,1130.2
1128,5/4/2021 10:00,29.652,742.7
1129,5/4/2021 11:00,29.752,2066.7
1130,5/4/2021 12:00,29.853,1324
1131,5/4/2021 13:00,30.054,1980.6
1132,5/4/2021 14:00,29.953,3444.5
1133,5/4/2021 15:00,29.853,3961.1
1134,5/4/2021 16:00,29.752,2755.6
1135,5/4/2021 17:00,29.652,333.7
1136,5/4/2021 18:00,29.552,236.8
1137,5/4/2021 19:00,29.552,0
1138,5/4/2021 20:00,29.552,0
1139,5/4/2021 21:00,29.552,0
1140,5/4/2021 22:00,29.552,0
1141,5/4/2021 23:00,29.452,0
1142,5/5/2021 0:00,29.452,0
1143,5/5/2021 1:00,29.452,0
1144,5/5/2021 2:00,29.452,0
1145,5/5/2021 3:00,29.452,0
1146,5/5/2021 4:00,29.452,0
1147,5/5/2021 5:00,29.452,0
1148,5/5/2021 6:00,29.452,0
1149,5/5/2021 7:00,29.452,150.7
1150,5/5/2021 8:00,29.452,581.3
1151,5/5/2021 9:00,29.552,462.9
1152,5/5/2021 10:00,29.552,742.7
1153,5/5/2021 11:00,29.853,1636.1
1154,5/5/2021 12:00,29.853,1894.5
1155,5/5/2021 13:00,29.853,2066.7
1156,5/5/2021 14:00,29.853,2583.4
1157,5/5/2021 15:00,29.853,2927.8
1158,5/5/2021 16:00,29.652,2152.8
1159,5/5/2021 17:00,29.652,1097.9
1160,5/5/2021 18:00,29.552,183
1161,5/5/2021 19:00,29.452,0
1162,5/5/2021 20:00,29.452,0
1163,5/5/2021 21:00,29.452,0
1164,5/5/2021 22:00,29.452,0
1165,5/5/2021 23:00,29.452,0
1166,5/6/2021 0:00,29.452,0
1167,5/6/2021 1:00,29.452,0
1168,5/6/2021 2:00,29.452,0
1169,5/6/2021 3:00,29.452,0
1170,5/6/2021 4:00,29.452,0
1171,5/6/2021 5:00,29.452,0
1172,5/6/2021 6:00,29.352,0
1173,5/6/2021 7:00,29.452,226
1174,5/6/2021 8:00,29.452,419.8
1175,5/6/2021 9:00,29.552,592
1176,5/6/2021 10:00,29.652,818.1
1177,5/6/2021 11:00,29.652,1636.1
1178,5/6/2021 12:00,29.953,2238.9
1179,5/6/2021 13:00,29.953,2152.8
1180,5/6/2021 14:00,29.853,3788.9
1181,5/6/2021 15:00,29.752,3961.1
1182,5/6/2021 16:00,29.752,2325
1183,5/6/2021 17:00,29.552,785.8
1184,5/6/2021 18:00,29.552,226
1185,5/6/2021 19:00,29.552,0
1186,5/6/2021 20:00,29.452,0
1187,5/6/2021 21:00,29.452,0
1188,5/6/2021 22:00,29.452,0
1189,5/6/2021 23:00,29.452,0
1190,5/7/2021 0:00,29.452,0
1191,5/7/2021 1:00,29.452,0
1192,5/7/2021 2:00,29.452,0
1193,5/7/2021 3:00,29.352,0
1194,5/7/2021 4:00,29.352,0
1195,5/7/2021 5:00,29.352,0
1196,5/7/2021 6:00,29.352,0
1197,5/7/2021 7:00,29.452,301.4
1198,5/7/2021 8:00,29.452,624.3
1199,5/7/2021 9:00,29.552,914.9
1200,5/7/2021 10:00,29.652,893.4
1201,5/7/2021 11:00,29.853,1808.3
1202,5/7/2021 12:00,29.552,581.3
1203,5/7/2021 13:00,29.652,807.3
1204,5/7/2021 14:00,29.953,3272.2
1205,5/7/2021 15:00,29.552,656.6
1206,5/7/2021 16:00,29.552,850.4
1207,5/7/2021 17:00,29.552,1108.7
1208,5/7/2021 18:00,29.452,172.2
1209,5/7/2021 19:00,29.452,0
1210,5/7/2021 20:00,29.452,0
1211,5/7/2021 21:00,29.452,0
1212,5/7/2021 22:00,29.452,0
1213,5/7/2021 23:00,29.452,0
1214,5/8/2021 0:00,29.452,0
1215,5/8/2021 1:00,29.452,0
1216,5/8/2021 2:00,29.452,0
1217,5/8/2021 3:00,29.452,0
1218,5/8/2021 4:00,29.452,0
1219,5/8/2021 5:00,29.452,0
1220,5/8/2021 6:00,29.452,0
1221,5/8/2021 7:00,29.452,258.3
1222,5/8/2021 8:00,29.452,678.1
1223,5/8/2021 9:00,29.552,1184
1224,5/8/2021 10:00,29.752,1722.2
1225,5/8/2021 11:00,29.652,775
1226,5/8/2021 12:00,29.752,2238.9
1227,5/8/2021 13:00,29.953,3444.5
1228,5/8/2021 14:00,29.853,6544.5
1229,5/8/2021 15:00,29.853,4305.6
1230,5/8/2021 16:00,29.652,2927.8
1231,5/8/2021 17:00,29.652,1280.9
1232,5/8/2021 18:00,29.552,150.7
1233,5/8/2021 19:00,29.452,0
1234,5/8/2021 20:00,29.452,0
1235,5/8/2021 21:00,29.452,0
1236,5/8/2021 22:00,29.452,0
1237,5/8/2021 23:00,29.452,0
1238,5/9/2021 0:00,29.452,0
1239,5/9/2021 1:00,29.452,0
1240,5/9/2021 2:00,29.452,0
1241,5/9/2021 3:00,29.452,0
1242,5/9/2021 4:00,29.452,0
1243,5/9/2021 5:00,29.452,0
1244,5/9/2021 6:00,29.452,0
1245,5/9/2021 7:00,29.452,312.2
1246,5/9/2021 8:00,29.552,559.7
1247,5/9/2021 9:00,29.652,688.9
1248,5/9/2021 10:00,29.752,1636.1
1249,5/9/2021 11:00,29.853,1808.3
1250,5/9/2021 12:00,29.853,2755.6
1251,5/9/2021 13:00,29.953,3961.1
1252,5/9/2021 14:00,29.953,4305.6
1253,5/9/2021 15:00,29.853,3272.2
1254,5/9/2021 16:00,29.752,710.4
1255,5/9/2021 17:00,29.652,1022.6
1256,5/9/2021 18:00,29.552,215.3
1257,5/9/2021 19:00,29.452,0
1258,5/9/2021 20:00,29.452,0
1259,5/9/2021 21:00,29.352,0
1260,5/9/2021 22:00,29.352,0
1261,5/9/2021 23:00,29.352,0
1262,5/10/2021 0:00,29.452,0
1263,5/10/2021 1:00,29.452,0
1264,5/10/2021 2:00,29.452,0
1265,5/10/2021 3:00,29.452,0
1266,5/10/2021 4:00,29.452,0
1267,5/10/2021 5:00,29.452,0
1268,5/10/2021 6:00,29.452,0
1269,5/10/2021 7:00,29.452,226
1270,5/10/2021 8:00,29.552,602.8
1271,5/10/2021 9:00,29.652,904.2
1272,5/10/2021 10:00,29.752,893.4
1273,5/10/2021 11:00,29.853,1808.3
1274,5/10/2021 12:00,29.652,753.5
1275,5/10/2021 13:00,29.953,2927.8
1276,5/10/2021 14:00,29.953,882.6
1277,5/10/2021 15:00,29.853,3961.1
1278,5/10/2021 16:00,29.752,914.9
1279,5/10/2021 17:00,29.652,882.6
1280,5/10/2021 18:00,29.552,183
1281,5/10/2021 19:00,29.452,0
1282,5/10/2021 20:00,29.452,0
1283,5/10/2021 21:00,29.452,0
1284,5/10/2021 22:00,29.452,0
1285,5/10/2021 23:00,29.452,0
1286,5/11/2021 0:00,29.452,0
1287,5/11/2021 1:00,29.452,0
1288,5/11/2021 2:00,29.452,0
1289,5/11/2021 3:00,29.452,0
1290,5/11/2021 4:00,29.452,0
1291,5/11/2021 5:00,29.452,0
1292,5/11/2021 6:00,29.452,10.8
1293,5/11/2021 7:00,29.452,183
1294,5/11/2021 8:00,29.552,710.4
1295,5/11/2021 9:00,29.652,1280.9
1296,5/11/2021 10:00,29.752,1377.8
1297,5/11/2021 11:00,29.853,2152.8
1298,5/11/2021 12:00,29.853,1076.4
1299,5/11/2021 13:00,29.953,3788.9
1300,5/11/2021 14:00,30.054,5166.7
1301,5/11/2021 15:00,29.853,3788.9
1302,5/11/2021 16:00,29.752,2927.8
1303,5/11/2021 17:00,29.652,1173.3
1304,5/11/2021 18:00,29.552,258.3
1305,5/11/2021 19:00,29.552,0
1306,5/11/2021 20:00,29.452,0
1307,5/11/2021 21:00,29.452,0
1308,5/11/2021 22:00,29.352,0
1309,5/11/2021 23:00,29.452,0
1310,5/12/2021 0:00,29.452,0
1311,5/12/2021 1:00,29.452,0
1312,5/12/2021 2:00,29.452,0
1313,5/12/2021 3:00,29.452,0
1314,5/12/2021 4:00,29.452,0
1315,5/12/2021 5:00,29.452,0
1316,5/12/2021 6:00,29.452,10.8
1317,5/12/2021 7:00,29.452,204.5
1318,5/12/2021 8:00,29.552,656.6
1319,5/12/2021 9:00,29.552,570.5
1320,5/12/2021 10:00,29.452,1550
1321,5/12/2021 11:00,29.352,1722.2
1322,5/12/2021 12:00,29.452,968.8
1323,5/12/2021 13:00,29.552,3444.5
1324,5/12/2021 14:00,29.652,2927.8
1325,5/12/2021 15:00,29.652,2927.8
1326,5/12/2021 16:00,29.752,570.5
1327,5/12/2021 17:00,29.552,333.7
1328,5/12/2021 18:00,29.452,215.3
1329,5/12/2021 19:00,29.452,0
1330,5/12/2021 20:00,29.452,0
1331,5/12/2021 21:00,29.452,0
1332,5/12/2021 22:00,29.452,0
1333,5/12/2021 23:00,29.452,0
1334,5/13/2021 0:00,29.452,0
1335,5/13/2021 1:00,29.352,0
1336,5/13/2021 2:00,29.352,0
1337,5/13/2021 3:00,29.352,0
1338,5/13/2021 4:00,29.352,0
1339,5/13/2021 5:00,29.352,0
1340,5/13/2021 6:00,29.352,10.8
1341,5/13/2021 7:00,29.452,398.3
1342,5/13/2021 8:00,29.452,592
1343,5/13/2021 9:00,29.652,279.9
1344,5/13/2021 10:00,29.752,1108.7
1345,5/13/2021 11:00,29.853,1808.3
1346,5/13/2021 12:00,29.652,2497.2
1347,5/13/2021 13:00,29.853,2755.6
1348,5/13/2021 14:00,29.853,3616.7
1349,5/13/2021 15:00,29.853,3272.2
1350,5/13/2021 16:00,29.652,570.5
1351,5/13/2021 17:00,29.552,861.1
1352,5/13/2021 18:00,29.452,247.6
1353,5/13/2021 19:00,29.452,0
1354,5/13/2021 20:00,29.452,0
1355,5/13/2021 21:00,29.352,0
1356,5/13/2021 22:00,29.452,0
1357,5/13/2021 23:00,29.452,0
1358,5/14/2021 0:00,29.452,0
1359,5/14/2021 1:00,29.452,0
1360,5/14/2021 2:00,29.452,0
1361,5/14/2021 3:00,29.452,0
1362,5/14/2021 4:00,29.352,0
1363,5/14/2021 5:00,29.352,0
1364,5/14/2021 6:00,29.352,10.8
1365,5/14/2021 7:00,29.352,150.7
1366,5/14/2021 8:00,29.452,516.7
1367,5/14/2021 9:00,29.552,581.3
1368,5/14/2021 10:00,29.652,1463.9
1369,5/14/2021 11:00,29.853,1636.1
1370,5/14/2021 12:00,29.953,2497.2
1371,5/14/2021 13:00,29.953,3788.9
1372,5/14/2021 14:00,29.953,4133.4
1373,5/14/2021 15:00,29.953,3444.5
1374,5/14/2021 16:00,29.652,1345.5
1375,5/14/2021 17:00,29.552,1076.4
1376,5/14/2021 18:00,29.552,322.9
1377,5/14/2021 19:00,29.452,0
1378,5/14/2021 20:00,29.352,0
1379,5/14/2021 21:00,29.352,0
1380,5/14/2021 22:00,29.452,0
1381,5/14/2021 23:00,29.452,0
1382,5/15/2021 0:00,29.452,0
1383,5/15/2021 1:00,29.352,0
1384,5/15/2021 2:00,29.352,0
1385,5/15/2021 3:00,29.352,0
1386,5/15/2021 4:00,29.352,0
1387,5/15/2021 5:00,29.352,0
1388,5/15/2021 6:00,29.352,0
1389,5/15/2021 7:00,29.452,193.8
1390,5/15/2021 8:00,29.552,742.7
1391,5/15/2021 9:00,29.652,990.3
1392,5/15/2021 10:00,29.752,1313.2
1393,5/15/2021 11:00,29.752,1463.9
1394,5/15/2021 12:00,30.054,2583.4
1395,5/15/2021 13:00,30.054,3444.5
1396,5/15/2021 14:00,29.853,3444.5
1397,5/15/2021 15:00,29.752,3272.2
1398,5/15/2021 16:00,29.552,312.2
1399,5/15/2021 17:00,29.552,570.5
1400,5/15/2021 18:00,29.552,172.2
1401,5/15/2021 19:00,29.452,0
1402,5/15/2021 20:00,29.452,0
1403,5/15/2021 21:00,29.452,0
1404,5/15/2021 22:00,29.452,0
1405,5/15/2021 23:00,29.452,0
1406,5/16/2021 0:00,29.452,0
1407,5/16/2021 1:00,29.452,0
1408,5/16/2021 2:00,29.452,0
1409,5/16/2021 3:00,29.452,0
1410,5/16/2021 4:00,29.452,0
1411,5/16/2021 5:00,29.452,0
1412,5/16/2021 6:00,29.452,0
1413,5/16/2021 7:00,29.552,215.3
1414,5/16/2021 8:00,29.652,613.5
1415,5/16/2021 9:00,29.652,710.4
1416,5/16/2021 10:00,29.752,1377.8
1417,5/16/2021 11:00,29.953,1722.2
1418,5/16/2021 12:00,30.054,2411.1
1419,5/16/2021 13:00,29.752,882.6
1420,5/16/2021 14:00,29.953,3444.5
1421,5/16/2021 15:00,29.752,1463.9
1422,5/16/2021 16:00,29.652,796.5
1423,5/16/2021 17:00,29.552,279.9
1424,5/16/2021 18:00,29.552,118.4
1425,5/16/2021 19:00,29.452,0
1426,5/16/2021 20:00,29.552,0
1427,5/16/2021 21:00,29.452,0
1428,5/16/2021 22:00,29.452,0
1429,5/16/2021 23:00,29.452,0
1430,5/17/2021 0:00,29.452,0
1431,5/17/2021 1:00,29.452,0
1432,5/17/2021 2:00,29.452,0
1433,5/17/2021 3:00,29.452,0
1434,5/17/2021 4:00,29.452,0
1435,5/17/2021 5:00,29.452,0
1436,5/17/2021 6:00,29.452,10.8
1437,5/17/2021 7:00,29.452,183
1438,5/17/2021 8:00,29.552,592
1439,5/17/2021 9:00,29.652,968.8
1440,5/17/2021 10:00,29.853,1463.9
1441,5/17/2021 11:00,29.752,1463.9
1442,5/17/2021 12:00,29.752,1280.9
1443,5/17/2021 13:00,29.853,1722.2
1444,5/17/2021 14:00,29.752,1980.6
1445,5/17/2021 15:00,29.752,2066.7
1446,5/17/2021 16:00,29.652,785.8
1447,5/17/2021 17:00,29.652,441.3
1448,5/17/2021 18:00,29.552,226
1449,5/17/2021 19:00,29.452,0
1450,5/17/2021 20:00,29.452,0
1451,5/17/2021 21:00,29.452,0
1452,5/17/2021 22:00,29.452,0
1453,5/17/2021 23:00,29.452,0
1454,5/18/2021 0:00,29.452,0
1455,5/18/2021 1:00,29.452,0
1456,5/18/2021 2:00,29.452,0
1457,5/18/2021 3:00,29.452,0
1458,5/18/2021 4:00,29.452,0
1459,5/18/2021 5:00,29.452,0
1460,5/18/2021 6:00,29.452,0
1461,5/18/2021 7:00,29.452,247.6
1462,5/18/2021 8:00,29.452,430.6
1463,5/18/2021 9:00,29.552,796.5
1464,5/18/2021 10:00,29.652,1194.8
1465,5/18/2021 11:00,29.652,1345.5
1466,5/18/2021 12:00,29.853,1894.5
1467,5/18/2021 13:00,29.853,2152.8
1468,5/18/2021 14:00,29.652,1550
1469,5/18/2021 15:00,29.752,1367
1470,5/18/2021 16:00,29.652,839.6
1471,5/18/2021 17:00,29.552,473.6
1472,5/18/2021 18:00,29.452,161.5
1473,5/18/2021 19:00,29.452,0
1474,5/18/2021 20:00,29.452,0
1475,5/18/2021 21:00,29.452,0
1476,5/18/2021 22:00,29.452,0
1477,5/18/2021 23:00,29.452,0
1478,5/19/2021 0:00,29.452,0
1479,5/19/2021 1:00,29.452,0
1480,5/19/2021 2:00,29.352,0
1481,5/19/2021 3:00,29.352,0
1482,5/19/2021 4:00,29.352,0
1483,5/19/2021 5:00,29.352,0
1484,5/19/2021 6:00,29.352,0
1485,5/19/2021 7:00,29.352,193.8
1486,5/19/2021 8:00,29.452,473.6
1487,5/19/2021 9:00,29.552,839.6
1488,5/19/2021 10:00,29.552,1001
1489,5/19/2021 11:00,29.552,968.8
1490,5/19/2021 12:00,29.652,968.8
1491,5/19/2021 13:00,29.853,2583.4
1492,5/19/2021 14:00,29.752,2755.6
1493,5/19/2021 15:00,29.552,1011.8
1494,5/19/2021 16:00,29.452,602.8
1495,5/19/2021 17:00,29.452,269.1
1496,5/19/2021 18:00,29.452,118.4
1497,5/19/2021 19:00,29.452,0
1498,5/19/2021 20:00,29.452,0
1499,5/19/2021 21:00,29.452,0
1500,5/19/2021 22:00,29.452,0
1501,5/19/2021 23:00,29.452,0
1502,5/20/2021 0:00,29.452,0
1503,5/20/2021 1:00,29.452,0
1504,5/20/2021 2:00,29.352,0
1505,5/20/2021 3:00,29.352,0
1506,5/20/2021 4:00,29.352,0
1507,5/20/2021 5:00,29.352,0
1508,5/20/2021 6:00,29.352,10.8
1509,5/20/2021 7:00,29.452,279.9
1510,5/20/2021 8:00,29.452,495.1
1511,5/20/2021 9:00,29.452,333.7
1512,5/20/2021 10:00,29.552,505.9
1513,5/20/2021 11:00,29.752,1636.1
1514,5/20/2021 12:00,29.853,1722.2
1515,5/20/2021 13:00,29.853,1722.2
1516,5/20/2021 14:00,29.853,1808.3
1517,5/20/2021 15:00,29.652,2927.8
1518,5/20/2021 16:00,29.652,1980.6
1519,5/20/2021 17:00,29.652,1022.6
1520,5/20/2021 18:00,29.552,86.1
1521,5/20/2021 19:00,29.452,0
1522,5/20/2021 20:00,29.452,0
1523,5/20/2021 21:00,29.452,0
1524,5/20/2021 22:00,29.452,0
1525,5/20/2021 23:00,29.452,0
1526,5/21/2021 0:00,29.352,0
1527,5/21/2021 1:00,29.452,0
1528,5/21/2021 2:00,29.452,0
1529,5/21/2021 3:00,29.452,0
1530,5/21/2021 4:00,29.352,0
1531,5/21/2021 5:00,29.352,0
1532,5/21/2021 6:00,29.352,10.8
1533,5/21/2021 7:00,29.452,183
1534,5/21/2021 8:00,29.452,742.7
1535,5/21/2021 9:00,29.552,1205.6
1536,5/21/2021 10:00,29.752,559.7
1537,5/21/2021 11:00,29.853,807.3
1538,5/21/2021 12:00,29.853,2325
1539,5/21/2021 13:00,29.953,4133.4
1540,5/21/2021 14:00,29.853,4822.3
1541,5/21/2021 15:00,29.552,1151.7
1542,5/21/2021 16:00,29.752,3788.9
1543,5/21/2021 17:00,29.652,742.7
1544,5/21/2021 18:00,29.452,236.8
1545,5/21/2021 19:00,29.452,0
1546,5/21/2021 20:00,29.452,0
1547,5/21/2021 21:00,29.452,0
1548,5/21/2021 22:00,29.452,0
1549,5/21/2021 23:00,29.452,0
1550,5/22/2021 0:00,29.452,0
1551,5/22/2021 1:00,29.452,0
1552,5/22/2021 2:00,29.452,0
1553,5/22/2021 3:00,29.452,0
1554,5/22/2021 4:00,29.452,0
1555,5/22/2021 5:00,29.452,0
1556,5/22/2021 6:00,29.452,21.5
1557,5/22/2021 7:00,29.452,279.9
1558,5/22/2021 8:00,29.552,613.5
1559,5/22/2021 9:00,29.552,850.4
1560,5/22/2021 10:00,29.752,2066.7
1561,5/22/2021 11:00,29.752,2325
1562,5/22/2021 12:00,29.652,1636.1
1563,5/22/2021 13:00,29.752,3100
1564,5/22/2021 14:00,29.752,3272.2
1565,5/22/2021 15:00,29.652,2927.8
1566,5/22/2021 16:00,29.552,882.6
1567,5/22/2021 17:00,29.552,645.8
1568,5/22/2021 18:00,29.452,204.5
1569,5/22/2021 19:00,29.452,0
1570,5/22/2021 20:00,29.452,0
1571,5/22/2021 21:00,29.352,0
1572,5/22/2021 22:00,29.352,0
1573,5/22/2021 23:00,29.352,0
1574,5/23/2021 0:00,29.352,0
1575,5/23/2021 1:00,29.352,0
1576,5/23/2021 2:00,29.352,0
1577,5/23/2021 3:00,29.352,0
1578,5/23/2021 4:00,29.352,0
1579,5/23/2021 5:00,29.352,0
1580,5/23/2021 6:00,29.352,21.5
1581,5/23/2021 7:00,29.352,279.9
1582,5/23/2021 8:00,29.452,366
1583,5/23/2021 9:00,29.552,570.5
1584,5/23/2021 10:00,29.752,1377.8
1585,5/23/2021 11:00,29.752,1894.5
1586,5/23/2021 12:00,29.953,2325
1587,5/23/2021 13:00,29.953,2755.6
1588,5/23/2021 14:00,29.953,4305.6
1589,5/23/2021 15:00,29.752,4133.4
1590,5/23/2021 16:00,29.752,2927.8
1591,5/23/2021 17:00,29.652,1377.8
1592,5/23/2021 18:00,29.652,279.9
1593,5/23/2021 19:00,29.552,0
1594,5/23/2021 20:00,29.552,0
1595,5/23/2021 21:00,29.552,0
1596,5/23/2021 22:00,29.552,0
1597,5/23/2021 23:00,29.552,0
1598,5/24/2021 0:00,29.552,0
1599,5/24/2021 1:00,29.552,0
1600,5/24/2021 2:00,29.552,0
1601,5/24/2021 3:00,29.552,0
1602,5/24/2021 4:00,29.552,0
1603,5/24/2021 5:00,29.452,0
1604,5/24/2021 6:00,29.452,21.5
1605,5/24/2021 7:00,29.552,269.1
1606,5/24/2021 8:00,29.552,624.3
1607,5/24/2021 9:00,29.652,904.2
1608,5/24/2021 10:00,29.652,893.4
1609,5/24/2021 11:00,29.953,1636.1
1610,5/24/2021 12:00,30.054,2238.9
1611,5/24/2021 13:00,30.054,2755.6
1612,5/24/2021 14:00,29.953,3616.7
1613,5/24/2021 15:00,29.953,4133.4
1614,5/24/2021 16:00,29.752,2755.6
1615,5/24/2021 17:00,29.652,1377.8
1616,5/24/2021 18:00,29.552,398.3
1617,5/24/2021 19:00,29.552,0
1618,5/24/2021 20:00,29.452,0
1619,5/24/2021 21:00,29.452,0
1620,5/24/2021 22:00,29.452,0
1621,5/24/2021 23:00,29.452,0
1622,5/25/2021 0:00,29.452,0
1623,5/25/2021 1:00,29.452,0
1624,5/25/2021 2:00,29.452,0
1625,5/25/2021 3:00,29.452,0
1626,5/25/2021 4:00,29.452,0
1627,5/25/2021 5:00,29.452,0
1628,5/25/2021 6:00,29.452,21.5
1629,5/25/2021 7:00,29.552,269.1
1630,5/25/2021 8:00,29.552,592
1631,5/25/2021 9:00,29.652,581.3
1632,5/25/2021 10:00,29.853,828.8
1633,5/25/2021 11:00,29.853,613.5
1634,5/25/2021 12:00,30.054,2583.4
1635,5/25/2021 13:00,30.054,3616.7
1636,5/25/2021 14:00,29.953,4822.3
1637,5/25/2021 15:00,29.853,3788.9
1638,5/25/2021 16:00,29.752,2238.9
1639,5/25/2021 17:00,29.652,1377.8
1640,5/25/2021 18:00,29.552,161.5
1641,5/25/2021 19:00,29.552,0
1642,5/25/2021 20:00,29.552,0
1643,5/25/2021 21:00,29.552,0
1644,5/25/2021 22:00,29.552,0
1645,5/25/2021 23:00,29.452,0
1646,5/26/2021 0:00,29.452,0
1647,5/26/2021 1:00,29.452,0
1648,5/26/2021 2:00,29.452,0
1649,5/26/2021 3:00,29.452,0
1650,5/26/2021 4:00,29.452,0
1651,5/26/2021 5:00,29.452,0
1652,5/26/2021 6:00,29.452,21.5
1653,5/26/2021 7:00,29.552,226
1654,5/26/2021 8:00,29.552,269.1
1655,5/26/2021 9:00,29.552,527.4
1656,5/26/2021 10:00,29.752,1377.8
1657,5/26/2021 11:00,29.853,1550
1658,5/26/2021 12:00,29.953,1980.6
1659,5/26/2021 13:00,29.953,2497.2
1660,5/26/2021 14:00,29.953,1980.6
1661,5/26/2021 15:00,29.853,3100
1662,5/26/2021 16:00,29.752,2325
1663,5/26/2021 17:00,29.652,344.4
1664,5/26/2021 18:00,29.552,258.3
1665,5/26/2021 19:00,29.552,0
1666,5/26/2021 20:00,29.552,0
1667,5/26/2021 21:00,29.552,0
1668,5/26/2021 22:00,29.552,0
1669,5/26/2021 23:00,29.552,0
1670,5/27/2021 0:00,29.552,0
1671,5/27/2021 1:00,29.452,0
1672,5/27/2021 2:00,29.552,0
1673,5/27/2021 3:00,29.452,0
1674,5/27/2021 4:00,29.452,0
1675,5/27/2021 5:00,29.452,0
1676,5/27/2021 6:00,29.452,0
1677,5/27/2021 7:00,29.452,139.9
1678,5/27/2021 8:00,29.652,581.3
1679,5/27/2021 9:00,29.752,1345.5
1680,5/27/2021 10:00,29.552,387.5
1681,5/27/2021 11:00,29.652,882.6
1682,5/27/2021 12:00,29.552,667.4
1683,5/27/2021 13:00,30.154,3444.5
1684,5/27/2021 14:00,29.853,1463.9
1685,5/27/2021 15:00,29.752,1044.1
1686,5/27/2021 16:00,29.752,753.5
1687,5/27/2021 17:00,29.652,419.8
1688,5/27/2021 18:00,29.652,183
1689,5/27/2021 19:00,29.552,0
1690,5/27/2021 20:00,29.552,0
1691,5/27/2021 21:00,29.552,0
1692,5/27/2021 22:00,29.552,0
1693,5/27/2021 23:00,29.552,0
1694,5/28/2021 0:00,29.552,0
1695,5/28/2021 1:00,29.552,0
1696,5/28/2021 2:00,29.552,0
1697,5/28/2021 3:00,29.552,0
1698,5/28/2021 4:00,29.552,0
1699,5/28/2021 5:00,29.552,0
1700,5/28/2021 6:00,29.552,0
1701,5/28/2021 7:00,29.552,129.2
1702,5/28/2021 8:00,29.552,344.4
1703,5/28/2021 9:00,29.652,549
1704,5/28/2021 10:00,29.752,753.5
1705,5/28/2021 11:00,29.652,1130.2
1706,5/28/2021 12:00,29.752,1302.4
1707,5/28/2021 13:00,29.953,2669.5
1708,5/28/2021 14:00,29.652,3961.1
1709,5/28/2021 15:00,29.752,1636.1
1710,5/28/2021 16:00,29.652,409
1711,5/28/2021 17:00,29.652,1108.7
1712,5/28/2021 18:00,29.552,64.6
1713,5/28/2021 19:00,29.452,0
1714,5/28/2021 20:00,29.552,0
1715,5/28/2021 21:00,29.452,0
1716,5/28/2021 22:00,29.452,0
1717,5/28/2021 23:00,29.552,0
1718,5/29/2021 0:00,29.452,0
1719,5/29/2021 1:00,29.452,0
1720,5/29/2021 2:00,29.452,0
1721,5/29/2021 3:00,29.452,0
1722,5/29/2021 4:00,29.452,0
1723,5/29/2021 5:00,29.452,0
1724,5/29/2021 6:00,29.452,10.8
1725,5/29/2021 7:00,29.452,247.6
1726,5/29/2021 8:00,29.552,538.2
1727,5/29/2021 9:00,29.552,430.6
1728,5/29/2021 10:00,29.652,1463.9
1729,5/29/2021 11:00,29.853,1894.5
1730,5/29/2021 12:00,29.652,1054.9
1731,5/29/2021 13:00,29.752,2927.8
1732,5/29/2021 14:00,29.853,3100
1733,5/29/2021 15:00,29.752,1097.9
1734,5/29/2021 16:00,29.752,2238.9
1735,5/29/2021 17:00,29.652,775
1736,5/29/2021 18:00,29.552,236.8
1737,5/29/2021 19:00,29.452,0
1738,5/29/2021 20:00,29.452,0
1739,5/29/2021 21:00,29.452,0
1740,5/29/2021 22:00,29.452,0
1741,5/29/2021 23:00,29.452,0
1742,5/30/2021 0:00,29.452,0
1743,5/30/2021 1:00,29.452,0
1744,5/30/2021 2:00,29.452,0
1745,5/30/2021 3:00,29.452,0
1746,5/30/2021 4:00,29.452,0
1747,5/30/2021 5:00,29.452,0
1748,5/30/2021 6:00,29.352,10.8
1749,5/30/2021 7:00,29.352,183
1750,5/30/2021 8:00,29.552,645.8
1751,5/30/2021 9:00,29.552,592
1752,5/30/2021 10:00,29.652,1270.1
1753,5/30/2021 11:00,29.752,570.5
1754,5/30/2021 12:00,29.853,1377.8
1755,5/30/2021 13:00,29.853,419.8
1756,5/30/2021 14:00,29.652,473.6
1757,5/30/2021 15:00,29.552,269.1
1758,5/30/2021 16:00,29.752,1722.2
1759,5/30/2021 17:00,29.552,796.5
1760,5/30/2021 18:00,29.452,53.8
1761,5/30/2021 19:00,29.452,0
1762,5/30/2021 20:00,29.452,0
1763,5/30/2021 21:00,29.452,0
1764,5/30/2021 22:00,29.452,0
1765,5/30/2021 23:00,29.452,0
1766,5/31/2021 0:00,29.452,0
1767,5/31/2021 1:00,29.452,0
1768,5/31/2021 2:00,29.452,0
1769,5/31/2021 3:00,29.452,0
1770,5/31/2021 4:00,29.452,0
1771,5/31/2021 5:00,29.452,0
1772,5/31/2021 6:00,29.452,0
1773,5/31/2021 7:00,29.452,161.5
1774,5/31/2021 8:00,29.552,226
1775,5/31/2021 9:00,29.552,366
1776,5/31/2021 10:00,29.652,645.8
1777,5/31/2021 11:00,29.652,527.4
1778,5/31/2021 12:00,29.652,764.2
1779,5/31/2021 13:00,29.652,742.7
1780,5/31/2021 14:00,29.652,559.7
1781,5/31/2021 15:00,29.552,366
1782,5/31/2021 16:00,29.552,592
1783,5/31/2021 17:00,29.552,839.6
1784,5/31/2021 18:00,29.552,139.9
1785,5/31/2021 19:00,29.452,0
1786,5/31/2021 20:00,29.452,0
1787,5/31/2021 21:00,29.452,0
1788,5/31/2021 22:00,29.452,0
1789,5/31/2021 23:00,29.452,0
1790,6/1/2021 0:00,29.452,0
1791,6/1/2021 1:00,29.452,0
1792,6/1/2021 2:00,29.452,0
1793,6/1/2021 3:00,29.452,0
1794,6/1/2021 4:00,29.452,0
1795,6/1/2021 5:00,29.352,0
1796,6/1/2021 6:00,29.452,10.8
1797,6/1/2021 7:00,29.452,183
1798,6/1/2021 8:00,29.452,516.7
1799,6/1/2021 9:00,29.552,764.2
1800,6/1/2021 10:00,29.652,1065.6
1801,6/1/2021 11:00,29.552,387.5
1802,6/1/2021 12:00,29.752,409
1803,6/1/2021 13:00,29.752,1980.6
1804,6/1/2021 14:00,29.853,1722.2
1805,6/1/2021 15:00,29.752,1722.2
1806,6/1/2021 16:00,29.652,1463.9
1807,6/1/2021 17:00,29.652,753.5
1808,6/1/2021 18:00,29.552,258.3
1809,6/1/2021 19:00,29.552,0
1810,6/1/2021 20:00,29.552,0
1811,6/1/2021 21:00,29.552,0
1812,6/1/2021 22:00,29.552,0
1813,6/1/2021 23:00,29.552,0
1814,6/2/2021 0:00,29.552,0
1815,6/2/2021 1:00,29.552,0
1816,6/2/2021 2:00,29.552,0
1817,6/2/2021 3:00,29.452,0
1818,6/2/2021 4:00,29.452,0
1819,6/2/2021 5:00,29.452,0
1820,6/2/2021 6:00,29.452,10.8
1821,6/2/2021 7:00,29.452,172.2
1822,6/2/2021 8:00,29.552,161.5
1823,6/2/2021 9:00,29.552,667.4
1824,6/2/2021 10:00,29.652,828.8
1825,6/2/2021 11:00,29.752,1173.3
1826,6/2/2021 12:00,29.752,1377.8
1827,6/2/2021 13:00,29.752,1550
1828,6/2/2021 14:00,29.652,366
1829,6/2/2021 15:00,29.652,1980.6
1830,6/2/2021 16:00,29.652,1636.1
1831,6/2/2021 17:00,29.552,775
1832,6/2/2021 18:00,29.552,215.3
1833,6/2/2021 19:00,29.452,0
1834,6/2/2021 20:00,29.452,0
1835,6/2/2021 21:00,29.452,0
1836,6/2/2021 22:00,29.452,0
1837,6/2/2021 23:00,29.452,0
1838,6/3/2021 0:00,29.452,0
1839,6/3/2021 1:00,29.452,0
1840,6/3/2021 2:00,29.452,0
1841,6/3/2021 3:00,29.452,0
1842,6/3/2021 4:00,29.452,0
1843,6/3/2021 5:00,29.452,0
1844,6/3/2021 6:00,29.452,0
1845,6/3/2021 7:00,29.452,129.2
1846,6/3/2021 8:00,29.452,344.4
1847,6/3/2021 9:00,29.452,538.2
1848,6/3/2021 10:00,29.552,1119.5
1849,6/3/2021 11:00,29.652,990.3
1850,6/3/2021 12:00,29.752,1302.4
1851,6/3/2021 13:00,29.752,850.4
1852,6/3/2021 14:00,29.652,1463.9
1853,6/3/2021 15:00,29.652,1550
1854,6/3/2021 16:00,29.552,893.4
1855,6/3/2021 17:00,29.552,419.8
1856,6/3/2021 18:00,29.552,161.5
1857,6/3/2021 19:00,29.452,0
1858,6/3/2021 20:00,29.452,0
1859,6/3/2021 21:00,29.452,0
1860,6/3/2021 22:00,29.452,0
1861,6/3/2021 23:00,29.452,0
1862,6/4/2021 0:00,29.452,0
1863,6/4/2021 1:00,29.452,0
1864,6/4/2021 2:00,29.452,0
1865,6/4/2021 3:00,29.452,0
1866,6/4/2021 4:00,29.452,0
1867,6/4/2021 5:00,29.452,0
1868,6/4/2021 6:00,29.452,0
1869,6/4/2021 7:00,29.452,96.9
1870,6/4/2021 8:00,29.452,419.8
1871,6/4/2021 9:00,29.552,635.1
1872,6/4/2021 10:00,29.552,796.5
1873,6/4/2021 11:00,29.652,1280.9
1874,6/4/2021 12:00,29.652,312.2
1875,6/4/2021 13:00,29.752,1463.9
1876,6/4/2021 14:00,29.752,1808.3
1877,6/4/2021 15:00,29.552,409
1878,6/4/2021 16:00,29.652,968.8
1879,6/4/2021 17:00,29.552,818.1
1880,6/4/2021 18:00,29.452,161.5
1881,6/4/2021 19:00,29.452,0
1882,6/4/2021 20:00,29.452,0
1883,6/4/2021 21:00,29.452,0
1884,6/4/2021 22:00,29.452,0
1885,6/4/2021 23:00,29.452,0
1886,6/5/2021 0:00,29.452,0
1887,6/5/2021 1:00,29.452,0
1888,6/5/2021 2:00,29.452,0
1889,6/5/2021 3:00,29.452,0
1890,6/5/2021 4:00,29.452,0
1891,6/5/2021 5:00,29.452,0
1892,6/5/2021 6:00,29.452,0
1893,6/5/2021 7:00,29.352,150.7
1894,6/5/2021 8:00,29.452,344.4
1895,6/5/2021 9:00,29.552,322.9
1896,6/5/2021 10:00,29.652,602.8
1897,6/5/2021 11:00,29.752,1054.9
1898,6/5/2021 12:00,29.752,1151.7
1899,6/5/2021 13:00,29.853,1550
1900,6/5/2021 14:00,29.752,1722.2
1901,6/5/2021 15:00,29.652,1550
1902,6/5/2021 16:00,29.552,538.2
1903,6/5/2021 17:00,29.552,624.3
1904,6/5/2021 18:00,29.452,139.9
1905,6/5/2021 19:00,29.452,0
1906,6/5/2021 20:00,29.452,0
1907,6/5/2021 21:00,29.452,0
1908,6/5/2021 22:00,29.452,0
1909,6/5/2021 23:00,29.452,0
1910,6/6/2021 0:00,29.452,0
1911,6/6/2021 1:00,29.452,0
1912,6/6/2021 2:00,29.452,0
1913,6/6/2021 3:00,29.452,0
1914,6/6/2021 4:00,29.452,0
1915,6/6/2021 5:00,29.452,0
1916,6/6/2021 6:00,29.452,0
1917,6/6/2021 7:00,29.552,118.4
1918,6/6/2021 8:00,29.552,387.5
1919,6/6/2021 9:00,29.652,602.8
1920,6/6/2021 10:00,29.752,871.9
1921,6/6/2021 11:00,29.752,710.4
1922,6/6/2021 12:00,29.953,1377.8
1923,6/6/2021 13:00,29.953,1463.9
1924,6/6/2021 14:00,29.853,1377.8
1925,6/6/2021 15:00,29.752,1141
1926,6/6/2021 16:00,29.752,1377.8
1927,6/6/2021 17:00,29.652,699.7
1928,6/6/2021 18:00,29.552,64.6
1929,6/6/2021 19:00,29.452,0
1930,6/6/2021 20:00,29.452,0
1931,6/6/2021 21:00,29.452,0
1932,6/6/2021 22:00,29.452,0
1933,6/6/2021 23:00,29.552,0
1934,6/7/2021 0:00,29.552,0
1935,6/7/2021 1:00,29.552,0
1936,6/7/2021 2:00,29.552,0
1937,6/7/2021 3:00,29.552,0
1938,6/7/2021 4:00,29.552,0
1939,6/7/2021 5:00,29.452,0
1940,6/7/2021 6:00,29.452,0
1941,6/7/2021 7:00,29.552,139.9
1942,6/7/2021 8:00,29.552,215.3
1943,6/7/2021 9:00,29.652,484.4
1944,6/7/2021 10:00,29.752,731.9
1945,6/7/2021 11:00,29.853,947.2
1946,6/7/2021 12:00,29.953,1237.9
1947,6/7/2021 13:00,29.953,247.6
1948,6/7/2021 14:00,29.953,1463.9
1949,6/7/2021 15:00,29.853,2411.1
1950,6/7/2021 16:00,29.652,1894.5
1951,6/7/2021 17:00,29.652,1087.2
1952,6/7/2021 18:00,29.552,86.1
1953,6/7/2021 19:00,29.552,0
1954,6/7/2021 20:00,29.552,0
1955,6/7/2021 21:00,29.552,0
1956,6/7/2021 22:00,29.552,0
1957,6/7/2021 23:00,29.552,0
1958,6/8/2021 0:00,29.552,0
1959,6/8/2021 1:00,29.552,0
1960,6/8/2021 2:00,29.552,0
1961,6/8/2021 3:00,29.552,0
1962,6/8/2021 4:00,29.552,0
1963,6/8/2021 5:00,29.552,0
1964,6/8/2021 6:00,29.552,10.8
1965,6/8/2021 7:00,29.552,172.2
1966,6/8/2021 8:00,29.652,322.9
1967,6/8/2021 9:00,29.652,731.9
1968,6/8/2021 10:00,29.552,312.2
1969,6/8/2021 11:00,29.652,452.1
1970,6/8/2021 12:00,29.652,430.6
1971,6/8/2021 13:00,30.054,2927.8
1972,6/8/2021 14:00,29.953,3100
1973,6/8/2021 15:00,29.853,527.4
1974,6/8/2021 16:00,29.752,753.5
1975,6/8/2021 17:00,29.752,344.4
1976,6/8/2021 18:00,29.652,118.4
1977,6/8/2021 19:00,29.552,0
1978,6/8/2021 20:00,29.552,0
1979,6/8/2021 21:00,29.552,0
1980,6/8/2021 22:00,29.552,0
1981,6/8/2021 23:00,29.552,0
1982,6/9/2021 0:00,29.552,0
1983,6/9/2021 1:00,29.552,0
1984,6/9/2021 2:00,29.552,0
1985,6/9/2021 3:00,29.552,0
1986,6/9/2021 4:00,29.552,0
1987,6/9/2021 5:00,29.552,0
1988,6/9/2021 6:00,29.552,10.8
1989,6/9/2021 7:00,29.552,150.7
1990,6/9/2021 8:00,29.652,366
1991,6/9/2021 9:00,29.652,269.1
1992,6/9/2021 10:00,29.652,193.8
1993,6/9/2021 11:00,29.953,1184
1994,6/9/2021 12:00,29.853,1377.8
1995,6/9/2021 13:00,29.752,721.2
1996,6/9/2021 14:00,29.752,1044.1
1997,6/9/2021 15:00,29.953,2325
1998,6/9/2021 16:00,29.652,484.4
1999,6/9/2021 17:00,29.652,301.4
2000,6/9/2021 18:00,29.652,150.7
2001,6/9/2021 19:00,29.652,0
2002,6/9/2021 20:00,29.652,0
2003,6/9/2021 21:00,29.652,0
2004,6/9/2021 22:00,29.652,0
2005,6/9/2021 23:00,29.552,0
2006,6/10/2021 0:00,29.652,0
2007,6/10/2021 1:00,29.652,0
2008,6/10/2021 2:00,29.752,0
2009,6/10/2021 3:00,29.652,0
2010,6/10/2021 4:00,29.652,0
2011,6/10/2021 5:00,29.552,0
2012,6/10/2021 6:00,29.552,10.8
2013,6/10/2021 7:00,29.552,172.2
2014,6/10/2021 8:00,29.552,312.2
2015,6/10/2021 9:00,29.652,635.1
2016,6/10/2021 10:00,29.652,462.9
2017,6/10/2021 11:00,29.953,893.4
2018,6/10/2021 12:00,30.054,1894.5
2019,6/10/2021 13:00,29.752,516.7
2020,6/10/2021 14:00,30.054,2497.2
2021,6/10/2021 15:00,29.953,2927.8
2022,6/10/2021 16:00,29.853,549
2023,6/10/2021 17:00,29.853,355.2
2024,6/10/2021 18:00,29.552,193.8
2025,6/10/2021 19:00,29.552,0
2026,6/10/2021 20:00,29.552,0
2027,6/10/2021 21:00,29.552,0
2028,6/10/2021 22:00,29.552,0
2029,6/10/2021 23:00,29.652,0
2030,6/11/2021 0:00,29.752,0
2031,6/11/2021 1:00,29.853,0
2032,6/11/2021 2:00,29.752,0
2033,6/11/2021 3:00,29.752,0
2034,6/11/2021 4:00,29.752,0
2035,6/11/2021 5:00,29.652,0
2036,6/11/2021 6:00,29.652,0
2037,6/11/2021 7:00,29.752,161.5
2038,6/11/2021 8:00,29.752,376.7
2039,6/11/2021 9:00,29.853,624.3
2040,6/11/2021 10:00,29.953,807.3
2041,6/11/2021 11:00,30.054,1151.7
2042,6/11/2021 12:00,30.154,1894.5
2043,6/11/2021 13:00,30.154,2411.1
2044,6/11/2021 14:00,30.154,2927.8
2045,6/11/2021 15:00,30.054,1980.6
2046,6/11/2021 16:00,29.953,710.4
2047,6/11/2021 17:00,30.054,1033.3
2048,6/11/2021 18:00,29.853,247.6
2049,6/11/2021 19:00,29.853,0
2050,6/11/2021 20:00,29.752,0
2051,6/11/2021 21:00,29.853,0
2052,6/11/2021 22:00,29.853,0
2053,6/11/2021 23:00,29.853,0
2054,6/12/2021 0:00,29.752,0
2055,6/12/2021 1:00,29.752,0
2056,6/12/2021 2:00,29.652,0
2057,6/12/2021 3:00,29.752,0
2058,6/12/2021 4:00,29.752,0
2059,6/12/2021 5:00,29.652,0
2060,6/12/2021 6:00,29.652,10.8
2061,6/12/2021 7:00,29.752,204.5
2062,6/12/2021 8:00,29.652,312.2
2063,6/12/2021 9:00,29.953,775
2064,6/12/2021 10:00,29.953,473.6
2065,6/12/2021 11:00,30.154,1463.9
2066,6/12/2021 12:00,30.154,2583.4
2067,6/12/2021 13:00,30.054,505.9
2068,6/12/2021 14:00,30.356,3100
2069,6/12/2021 15:00,30.356,3272.2
2070,6/12/2021 16:00,30.054,1980.6
2071,6/12/2021 17:00,29.953,172.2
2072,6/12/2021 18:00,29.853,96.9
2073,6/12/2021 19:00,29.752,0
2074,6/12/2021 20:00,29.652,0
2075,6/12/2021 21:00,29.652,0
2076,6/12/2021 22:00,29.752,0
2077,6/12/2021 23:00,29.652,0
2078,6/13/2021 0:00,29.752,0
2079,6/13/2021 1:00,29.752,0
2080,6/13/2021 2:00,29.752,0
2081,6/13/2021 3:00,29.652,0
2082,6/13/2021 4:00,29.752,0
2083,6/13/2021 5:00,29.552,0
2084,6/13/2021 6:00,29.652,10.8
2085,6/13/2021 7:00,29.652,172.2
2086,6/13/2021 8:00,29.752,387.5
2087,6/13/2021 9:00,29.853,592
2088,6/13/2021 10:00,29.953,1022.6
2089,6/13/2021 11:00,30.054,1377.8
2090,6/13/2021 12:00,30.054,441.3
2091,6/13/2021 13:00,30.255,527.4
2092,6/13/2021 14:00,30.356,3272.2
2093,6/13/2021 15:00,30.255,3616.7
2094,6/13/2021 16:00,30.054,2411.1
2095,6/13/2021 17:00,29.953,958
2096,6/13/2021 18:00,29.853,226
2097,6/13/2021 19:00,29.752,0
2098,6/13/2021 20:00,29.752,0
2099,6/13/2021 21:00,29.752,0
2100,6/13/2021 22:00,29.752,0
2101,6/13/2021 23:00,29.752,0
2102,6/14/2021 0:00,29.752,0
2103,6/14/2021 1:00,29.652,0
2104,6/14/2021 2:00,29.652,0
2105,6/14/2021 3:00,29.652,0
2106,6/14/2021 4:00,29.652,0
2107,6/14/2021 5:00,29.752,0
2108,6/14/2021 6:00,29.652,10.8
2109,6/14/2021 7:00,29.752,215.3
2110,6/14/2021 8:00,29.853,452.1
2111,6/14/2021 9:00,29.953,742.7
2112,6/14/2021 10:00,29.953,1033.3
