P,lot Title: 107,"93196	","					",,
#,"	""Date Time",,, Lux (LGR S/N: 10793196," SEN S/N: 10793196)""	Coupler Attached (LGR S/N: 10793196)	Stopped (LGR S/N: 10793196)	End Of File (LGR S/N: 10793196)"
1,"	4/27/2016 0:0","0	22.8","12	0			",,
2,"	4/27/2016 0:1","0	22.8","12	0			",,
3,"	4/27/2016 0:2","0	22.8","12	0			",,
4,"	4/27/2016 0:3","0	22.8","12	0			",,
5,"	4/27/2016 0:4","0	22.8","12	0			",,
6,"	4/27/2016 0:5","0	22.7","17	0			",,
7,"	4/27/2016 1:0","0	22.7","17	0			",,
8,"	4/27/2016 1:1","0	22.7","17	0			",,
9,"	4/27/2016 1:2","0	22.7","17	0			",,
1,"0	4/27/2016 1:","30	22.","717	0			",,
1,"1	4/27/2016 1:","40	22.","717	0			",,
1,"2	4/27/2016 1:","50	22.","717	0			",,
1,"3	4/27/2016 2:","00	22.","717	0			",,
1,"4	4/27/2016 2:","10	22.","717	0			",,
1,"5	4/27/2016 2:","20	22.","717	0			",,
1,"6	4/27/2016 2:","30	22.","717	0			",,
1,"7	4/27/2016 2:","40	22.","717	0			",,
1,"8	4/27/2016 2:","50	22.","717	0			",,
1,"9	4/27/2016 3:","00	22.","621	0			",,
2,"0	4/27/2016 3:","10	22.","621	0			",,
2,"1	4/27/2016 3:","20	22.","621	0			",,
2,"2	4/27/2016 3:","30	22.","621	0			",,
2,"3	4/27/2016 3:","40	22.","621	0			",,
2,"4	4/27/2016 3:","50	22.","621	0			",,
2,"5	4/27/2016 4:","00	22.","621	0			",,
2,"6	4/27/2016 4:","10	22.","621	0			",,
2,"7	4/27/2016 4:","20	22.","621	0			",,
2,"8	4/27/2016 4:","30	22.","525	0			",,
2,"9	4/27/2016 4:","40	22.","525	0			",,
3,"0	4/27/2016 4:","50	22.","525	0			",,
3,"1	4/27/2016 5:","00	22.","525	0			",,
3,"2	4/27/2016 5:","10	22.","525	0			",,
3,"3	4/27/2016 5:","20	22.","525	0			",,
3,"4	4/27/2016 5:","30	22.","525	0			",,
3,"5	4/27/2016 5:","40	22.","525	0			",,
3,"6	4/27/2016 5:","50	22.","429	0			",,
3,"7	4/27/2016 6:","00	22.","429	0			",,
3,"8	4/27/2016 6:","10	22.","429	0			",,
3,"9	4/27/2016 6:","20	22.","429	0			",,
4,"0	4/27/2016 6:","30	22.","429	0			",,
4,"1	4/27/2016 6:","40	22.","429	0			",,
4,"2	4/27/2016 6:","50	22.","429	0			",,
4,"3	4/27/2016 7:","00	22.","525	10.8			",,
4,"4	4/27/2016 7:","10	22.","525	10.8			",,
4,"5	4/27/2016 7:","20	22.","621	10.8			",,
4,"6	4/27/2016 7:","30	22.","429	10.8			",,
4,"7	4/27/2016 7:","40	22.","142	10.8			",,
4,"8	4/27/2016 7:","50	22.","046	10.8			",,
4,"9	4/27/2016 8:","00	22.","046	0			",,
5,"0	4/27/2016 8:","10	22.","046	0			",,
5,"1	4/27/2016 8:","20	22.","046	0			",,
5,"2	4/27/2016 8:","30	21.","951	0			",,
5,"3	4/27/2016 8:","40	21.","951	0			",,
5,"4	4/27/2016 8:","50	21.","951	0			",,
5,"5	4/27/2016 9:","00	21.","951	0			",,
5,"6	4/27/2016 9:","10	21.","951	0			",,
5,"7	4/27/2016 9:","20	21.","951	0			",,
5,"8	4/27/2016 9:","30	21.","951	0			",,
5,"9	4/27/2016 9:","40	21.","951	0			",,
6,"0	4/27/2016 9:","50	21.","951	0			",,
6,"1	4/27/2016 10",":00	21",".951	0			",,
6,"2	4/27/2016 10",":10	21",".951	0			",,
6,"3	4/27/2016 10",":20	21",".951	0			",,
6,"4	4/27/2016 10",":30	21",".951	0			",,
6,"5	4/27/2016 10",":40	21",".951	0			",,
6,"6	4/27/2016 10",":50	21",".951	0			",,
6,"7	4/27/2016 11",":00	21",".951	0			",,
6,"8	4/27/2016 11",":10	21",".951	0			",,
6,"9	4/27/2016 11",":20	21",".951	0			",,
7,"0	4/27/2016 11",":30	21",".951	0			",,
7,"1	4/27/2016 11",":40	22",".046	0			",,
7,"2	4/27/2016 11",":50	22",".238	0			",,
7,"3	4/27/2016 12",":00	22",".333	0			",,
7,"4	4/27/2016 12",":10	22",".333	0			",,
7,"5	4/27/2016 12",":20	22",".429	0			",,
7,"6	4/27/2016 12",":30	22",".429	0			",,
7,"7	4/27/2016 12",":40	22",".429	0			",,
7,"8	4/27/2016 12",":50	22",".525	0			",,
7,"9	4/27/2016 13",":00	22",".525	0			",,
8,"0	4/27/2016 13",":10	22",".525	0			",,
8,"1	4/27/2016 13",":20	22",".525	0			",,
8,"2	4/27/2016 13",":30	22",".621	0			",,
8,"3	4/27/2016 13",":40	22",".621	0			",,
8,"4	4/27/2016 13",":50	22",".621	0			",,
8,"5	4/27/2016 14",":00	22",".621	0			",,
8,"6	4/27/2016 14",":10	22",".621	0			",,
8,"7	4/27/2016 14",":20	22",".621	0			",,
8,"8	4/27/2016 14",":30	22",".429	0			",,
8,"9	4/27/2016 14",":40	22",".908	21.5			",,
9,"0	4/27/2016 14",":50	22",".908	64.6			",,
9,"1	4/27/2016 15",":00	23",".869	161.5			",,
9,"2	4/27/2016 15",":10	23",".196	183			",,
9,"3	4/27/2016 15",":20	23",".004	236.8			",,
9,"4	4/27/2016 15",":30	23",".004	215.3			",,
9,"5	4/27/2016 15",":40	23",".292	183			",,
9,"6	4/27/2016 15",":50	23",".1	236.8			",,
9,"7	4/27/2016 16",":00	23",".196	226			",,
9,"8	4/27/2016 16",":10	23",".196	161.5			",,
9,"9	4/27/2016 16",":20	22",".908	193.8			",,
1,"00	4/27/2016 1","6:30	2","2.812	193.8			",,
1,"01	4/27/2016 1","6:40	2","2.812	139.9			",,
1,"02	4/27/2016 1","6:50	2","3.004	193.8			",,
1,"03	4/27/2016 1","7:00	2","3.1	193.8			",,
1,"04	4/27/2016 1","7:10	2","3.1	183			",,
1,"05	4/27/2016 1","7:20	2","3.1	183			",,
1,"06	4/27/2016 1","7:30	2","3.1	0			",,
1,"07	4/27/2016 1","7:40	2","3.1	0			",,
1,"08	4/27/2016 1","7:50	2","3.004	0			",,
1,"09	4/27/2016 1","8:00	2","3.004	0			",,
1,"10	4/27/2016 1","8:10	2","2.908	0			",,
1,"11	4/27/2016 1","8:20	2","2.908	0			",,
1,"12	4/27/2016 1","8:30	2","2.812	0			",,
1,"13	4/27/2016 1","8:40	2","2.812	0			",,
1,"14	4/27/2016 1","8:50	2","2.812	0			",,
1,"15	4/27/2016 1","9:00	2","2.812	0			",,
1,"16	4/27/2016 1","9:10	2","2.908	0			",,
1,"17	4/27/2016 1","9:20	2","2.908	0			",,
1,"18	4/27/2016 1","9:30	2","2.908	0			",,
1,"19	4/27/2016 1","9:40	2","2.908	0			",,
1,"20	4/27/2016 1","9:50	2","2.908	0			",,
1,"21	4/27/2016 2","0:00	2","2.908	0			",,
1,"22	4/27/2016 2","0:10	2","2.908	0			",,
1,"23	4/27/2016 2","0:20	2","3.004	0			",,
1,"24	4/27/2016 2","0:30	2","3.004	0			",,
1,"25	4/27/2016 2","0:40	2","3.004	0			",,
1,"26	4/27/2016 2","0:50	2","3.004	0			",,
1,"27	4/27/2016 2","1:00	2","3.004	0			",,
1,"28	4/27/2016 2","1:10	2","3.004	0			",,
1,"29	4/27/2016 2","1:20	2","3.004	0			",,
1,"30	4/27/2016 2","1:30	2","3.004	0			",,
1,"31	4/27/2016 2","1:40	2","3.004	0			",,
1,"32	4/27/2016 2","1:50	2","3.004	0			",,
1,"33	4/27/2016 2","2:00	2","3.004	0			",,
1,"34	4/27/2016 2","2:10	2","3.1	0			",,
1,"35	4/27/2016 2","2:20	2","3.004	0			",,
1,"36	4/27/2016 2","2:30	2","3.004	0			",,
1,"37	4/27/2016 2","2:40	2","3.004	0			",,
1,"38	4/27/2016 2","2:50	2","3.004	0			",,
1,"39	4/27/2016 2","3:00	2","3.004	0			",,
1,"40	4/27/2016 2","3:10	2","3.004	0			",,
1,"41	4/27/2016 2","3:20	2","3.004	0			",,
1,"42	4/27/2016 2","3:30	2","3.004	0			",,
1,"43	4/27/2016 2","3:40	2","3.004	0			",,
1,"44	4/27/2016 2","3:50	2","3.004	0			",,
1,"45	4/28/2016 0",":00	23",".004	0			",,
1,"46	4/28/2016 0",":10	23",".004	0			",,
1,"47	4/28/2016 0",":20	23",".004	0			",,
1,"48	4/28/2016 0",":30	22",".908	0			",,
1,"49	4/28/2016 0",":40	22",".908	0			",,
1,"50	4/28/2016 0",":50	22",".812	0			",,
1,"51	4/28/2016 1",":00	22",".812	0			",,
1,"52	4/28/2016 1",":10	22",".717	0			",,
1,"53	4/28/2016 1",":20	22",".717	0			",,
1,"54	4/28/2016 1",":30	22",".717	0			",,
1,"55	4/28/2016 1",":40	22",".717	0			",,
1,"56	4/28/2016 1",":50	22",".621	0			",,
1,"57	4/28/2016 2",":00	22",".621	0			",,
1,"58	4/28/2016 2",":10	22",".621	0			",,
1,"59	4/28/2016 2",":20	22",".621	0			",,
1,"60	4/28/2016 2",":30	22",".621	0			",,
1,"61	4/28/2016 2",":40	22",".621	0			",,
1,"62	4/28/2016 2",":50	22",".525	0			",,
1,"63	4/28/2016 3",":00	22",".525	0			",,
1,"64	4/28/2016 3",":10	22",".525	0			",,
1,"65	4/28/2016 3",":20	22",".525	0			",,
1,"66	4/28/2016 3",":30	22",".525	0			",,
1,"67	4/28/2016 3",":40	22",".429	0			",,
1,"68	4/28/2016 3",":50	22",".429	0			",,
1,"69	4/28/2016 4",":00	22",".429	0			",,
1,"70	4/28/2016 4",":10	22",".429	0			",,
1,"71	4/28/2016 4",":20	22",".429	0			",,
1,"72	4/28/2016 4",":30	22",".333	0			",,
1,"73	4/28/2016 4",":40	22",".333	0			",,
1,"74	4/28/2016 4",":50	22",".333	0			",,
1,"75	4/28/2016 5",":00	22",".333	0			",,
1,"76	4/28/2016 5",":10	22",".238	0			",,
1,"77	4/28/2016 5",":20	22",".238	0			",,
1,"78	4/28/2016 5",":30	22",".238	0			",,
1,"79	4/28/2016 5",":40	22",".142	0			",,
1,"80	4/28/2016 5",":50	22",".142	0			",,
1,"81	4/28/2016 6",":00	22",".142	0			",,
1,"82	4/28/2016 6",":10	22",".142	0			",,
1,"83	4/28/2016 6",":20	21",".951	0			",,
1,"84	4/28/2016 6",":30	21",".664	0			",,
1,"85	4/28/2016 6",":40	21",".473	86.1			",,
1,"86	4/28/2016 6",":50	21",".378	96.9			",,
1,"87	4/28/2016 7",":00	21",".378	118.4			",,
1,"88	4/28/2016 7",":10	21",".378	129.2			",,
1,"89	4/28/2016 7",":20	21",".378	129.2			",,
1,"90	4/28/2016 7",":30	21",".378	118.4			",,
1,"91	4/28/2016 7",":40	21",".378	118.4			",,
1,"92	4/28/2016 7",":50	21",".378	107.6			",,
1,"93	4/28/2016 8",":00	21",".473	96.9			",,
1,"94	4/28/2016 8",":10	21",".569	107.6			",,
1,"95	4/28/2016 8",":20	21",".569	96.9			",,
1,"96	4/28/2016 8",":30	21",".569	96.9			",,
1,"97	4/28/2016 8",":40	21",".664	53.8			",,
1,"98	4/28/2016 8",":50	21",".664	86.1			",,
1,"99	4/28/2016 9",":00	21",".664	75.3			",,
2,"00	4/28/2016 9",":10	21",".76	21.5			",,
2,"01	4/28/2016 9",":20	21",".76	10.8			",,
2,"02	4/28/2016 9",":30	21",".76	64.6			",,
2,"03	4/28/2016 9",":40	21",".76	10.8			",,
2,"04	4/28/2016 9",":50	21",".76	21.5			",,
2,"05	4/28/2016 1","0:00	2","1.76	53.8			",,
2,"06	4/28/2016 1","0:10	2","1.76	32.3			",,
2,"07	4/28/2016 1","0:20	2","1.76	43.1			",,
2,"08	4/28/2016 1","0:30	2","1.76	32.3			",,
2,"09	4/28/2016 1","0:40	2","1.76	21.5			",,
2,"10	4/28/2016 1","0:50	2","1.76	10.8			",,
2,"11	4/28/2016 1","1:00	2","1.76	32.3			",,
2,"12	4/28/2016 1","1:10	2","1.76	32.3			",,
2,"13	4/28/2016 1","1:20	2","1.951	32.3			",,
2,"14	4/28/2016 1","1:30	2","2.142	21.5			",,
2,"15	4/28/2016 1","1:40	2","2.238	215.3			",,
2,"16	4/28/2016 1","1:50	2","2.333	215.3			",,
2,"17	4/28/2016 1","2:00	2","2.429	215.3			",,
2,"18	4/28/2016 1","2:10	2","2.621	215.3			",,
2,"19	4/28/2016 1","2:20	2","2.717	215.3			",,
2,"20	4/28/2016 1","2:30	2","2.717	215.3			",,
2,"21	4/28/2016 1","2:40	2","2.812	193.8			",,
2,"22	4/28/2016 1","2:50	2","2.812	226			",,
2,"23	4/28/2016 1","3:00	2","2.621	215.3			",,
2,"24	4/28/2016 1","3:10	2","2.812	193.8			",,
2,"25	4/28/2016 1","3:20	2","2.908	215.3			",,
2,"26	4/28/2016 1","3:30	2","2.908	215.3			",,
2,"27	4/28/2016 1","3:40	2","2.908	215.3			",,
2,"28	4/28/2016 1","3:50	2","2.908	183			",,
2,"29	4/28/2016 1","4:00	2","2.908	215.3			",,
2,"30	4/28/2016 1","4:10	2","3.004	215.3			",,
2,"31	4/28/2016 1","4:20	2","3.1	193.8			",,
2,"32	4/28/2016 1","4:30	2","3.1	215.3			",,
2,"33	4/28/2016 1","4:40	2","3.1	139.9			",,
2,"34	4/28/2016 1","4:50	2","2.908	215.3			",,
2,"35	4/28/2016 1","5:00	2","2.908	204.5			",,
2,"36	4/28/2016 1","5:10	2","2.908	172.2			",,
2,"37	4/28/2016 1","5:20	2","2.812	172.2			",,
2,"38	4/28/2016 1","5:30	2","2.717	172.2			",,
2,"39	4/28/2016 1","5:40	2","2.717	172.2			",,
2,"40	4/28/2016 1","5:50	2","2.717	161.5			",,
2,"41	4/28/2016 1","6:00	2","2.717	161.5			",,
2,"42	4/28/2016 1","6:10	2","2.717	161.5			",,
2,"43	4/28/2016 1","6:20	2","2.717	172.2			",,
2,"44	4/28/2016 1","6:30	2","2.717	161.5			",,
2,"45	4/28/2016 1","6:40	2","2.621	161.5			",,
2,"46	4/28/2016 1","6:50	2","2.621	161.5			",,
2,"47	4/28/2016 1","7:00	2","2.621	172.2			",,
2,"48	4/28/2016 1","7:10	2","2.621	161.5			",,
2,"49	4/28/2016 1","7:20	2","2.621	139.9			",,
2,"50	4/28/2016 1","7:30	2","2.621	0			",,
2,"51	4/28/2016 1","7:40	2","2.621	0			",,
2,"52	4/28/2016 1","7:50	2","2.525	0			",,
2,"53	4/28/2016 1","8:00	2","2.429	0			",,
2,"54	4/28/2016 1","8:10	2","2.429	0			",,
2,"55	4/28/2016 1","8:20	2","2.333	0			",,
2,"56	4/28/2016 1","8:30	2","2.333	0			",,
2,"57	4/28/2016 1","8:40	2","2.238	0			",,
2,"58	4/28/2016 1","8:50	2","2.238	0			",,
2,"59	4/28/2016 1","9:00	2","2.238	0			",,
2,"60	4/28/2016 1","9:10	2","2.142	0			",,
2,"61	4/28/2016 1","9:20	2","2.142	0			",,
2,"62	4/28/2016 1","9:30	2","2.142	0			",,
2,"63	4/28/2016 1","9:40	2","2.238	0			",,
2,"64	4/28/2016 1","9:50	2","2.333	0			",,
2,"65	4/28/2016 2","0:00	2","2.429	0			",,
2,"66	4/28/2016 2","0:10	2","2.525	0			",,
2,"67	4/28/2016 2","0:20	2","2.621	0			",,
2,"68	4/28/2016 2","0:30	2","2.621	0			",,
2,"69	4/28/2016 2","0:40	2","2.717	0			",,
2,"70	4/28/2016 2","0:50	2","2.717	0			",,
2,"71	4/28/2016 2","1:00	2","2.812	0			",,
2,"72	4/28/2016 2","1:10	2","2.812	0			",,
2,"73	4/28/2016 2","1:20	2","2.908	0			",,
2,"74	4/28/2016 2","1:30	2","2.908	0			",,
2,"75	4/28/2016 2","1:40	2","2.908	0			",,
2,"76	4/28/2016 2","1:50	2","3.004	0			",,
2,"77	4/28/2016 2","2:00	2","3.004	0			",,
2,"78	4/28/2016 2","2:10	2","3.004	0			",,
2,"79	4/28/2016 2","2:20	2","3.004	0			",,
2,"80	4/28/2016 2","2:30	2","3.004	0			",,
2,"81	4/28/2016 2","2:40	2","3.004	0			",,
2,"82	4/28/2016 2","2:50	2","3.004	0			",,
2,"83	4/28/2016 2","3:00	2","2.908	0			",,
2,"84	4/28/2016 2","3:10	2","2.908	0			",,
2,"85	4/28/2016 2","3:20	2","2.908	0			",,
2,"86	4/28/2016 2","3:30	2","2.812	0			",,
2,"87	4/28/2016 2","3:40	2","2.812	0			",,
2,"88	4/28/2016 2","3:50	2","2.812	0			",,
2,"89	4/29/2016 0",":00	22",".812	0			",,
2,"90	4/29/2016 0",":10	22",".717	0			",,
2,"91	4/29/2016 0",":20	22",".717	0			",,
2,"92	4/29/2016 0",":30	22",".717	0			",,
2,"93	4/29/2016 0",":40	22",".621	0			",,
2,"94	4/29/2016 0",":50	22",".621	0			",,
2,"95	4/29/2016 1",":00	22",".525	0			",,
2,"96	4/29/2016 1",":10	22",".525	0			",,
2,"97	4/29/2016 1",":20	22",".525	0			",,
2,"98	4/29/2016 1",":30	22",".525	0			",,
2,"99	4/29/2016 1",":40	22",".525	0			",,
3,"00	4/29/2016 1",":50	22",".525	0			",,
3,"01	4/29/2016 2",":00	22",".525	0			",,
3,"02	4/29/2016 2",":10	22",".525	0			",,
3,"03	4/29/2016 2",":20	22",".525	0			",,
3,"04	4/29/2016 2",":30	22",".525	0			",,
3,"05	4/29/2016 2",":40	22",".525	0			",,
3,"06	4/29/2016 2",":50	22",".525	0			",,
3,"07	4/29/2016 3",":00	22",".525	0			",,
3,"08	4/29/2016 3",":10	22",".525	0			",,
3,"09	4/29/2016 3",":20	22",".525	0			",,
3,"10	4/29/2016 3",":30	22",".525	0			",,
3,"11	4/29/2016 3",":40	22",".525	0			",,
3,"12	4/29/2016 3",":50	22",".525	0			",,
3,"13	4/29/2016 4",":00	22",".525	0			",,
3,"14	4/29/2016 4",":10	22",".525	0			",,
3,"15	4/29/2016 4",":20	22",".525	0			",,
3,"16	4/29/2016 4",":30	22",".525	0			",,
3,"17	4/29/2016 4",":40	22",".525	0			",,
3,"18	4/29/2016 4",":50	22",".525	0			",,
3,"19	4/29/2016 5",":00	22",".525	0			",,
3,"20	4/29/2016 5",":10	22",".429	0			",,
3,"21	4/29/2016 5",":20	22",".429	0			",,
3,"22	4/29/2016 5",":30	22",".429	0			",,
3,"23	4/29/2016 5",":40	22",".429	0			",,
3,"24	4/29/2016 5",":50	22",".429	0			",,
3,"25	4/29/2016 6",":00	22",".429	0			",,
3,"26	4/29/2016 6",":10	22",".429	0			",,
3,"27	4/29/2016 6",":20	22",".333	0			",,
3,"28	4/29/2016 6",":30	22",".333	0			",,
3,"29	4/29/2016 6",":40	22",".238	86.1			",,
3,"30	4/29/2016 6",":50	22",".142	96.9			",,
3,"31	4/29/2016 7",":00	21",".951	107.6			",,
3,"32	4/29/2016 7",":10	21",".855	118.4			",,
3,"33	4/29/2016 7",":20	21",".855	107.6			",,
3,"34	4/29/2016 7",":30	21",".855	32.3			",,
3,"35	4/29/2016 7",":40	21",".76	10.8			",,
3,"36	4/29/2016 7",":50	21",".664	32.3			",,
3,"37	4/29/2016 8",":00	21",".76	10.8			",,
3,"38	4/29/2016 8",":10	21",".951	43.1			",,
3,"39	4/29/2016 8",":20	22",".046	32.3			",,
3,"40	4/29/2016 8",":30	22",".046	86.1			",,
3,"41	4/29/2016 8",":40	22",".142	43.1			",,
3,"42	4/29/2016 8",":50	22",".238	75.3			",,
3,"43	4/29/2016 9",":00	22",".333	75.3			",,
3,"44	4/29/2016 9",":10	22",".429	32.3			",,
3,"45	4/29/2016 9",":20	22",".429	53.8			",,
3,"46	4/29/2016 9",":30	22",".525	53.8			",,
3,"47	4/29/2016 9",":40	22",".525	10.8			",,
3,"48	4/29/2016 9",":50	22",".525	21.5			",,
3,"49	4/29/2016 1","0:00	2","2.621	43.1			",,
3,"50	4/29/2016 1","0:10	2","2.621	43.1			",,
3,"51	4/29/2016 1","0:20	2","2.621	32.3			",,
3,"52	4/29/2016 1","0:30	2","2.717	10.8			",,
3,"53	4/29/2016 1","0:40	2","2.717	21.5			",,
3,"54	4/29/2016 1","0:50	2","2.717	32.3			",,
3,"55	4/29/2016 1","1:00	2","2.717	32.3			",,
3,"56	4/29/2016 1","1:10	2","2.717	10.8			",,
3,"57	4/29/2016 1","1:20	2","2.621	10.8			",,
3,"58	4/29/2016 1","1:30	2","2.621	32.3			",,
3,"59	4/29/2016 1","1:40	2","2.621	32.3			",,
3,"60	4/29/2016 1","1:50	2","2.621	10.8			",,
3,"61	4/29/2016 1","2:00	2","2.717	10.8			",,
3,"62	4/29/2016 1","2:10	2","2.717	21.5			",,
3,"63	4/29/2016 1","2:20	2","2.525	10.8			",,
3,"64	4/29/2016 1","2:30	2","2.621	32.3			",,
3,"65	4/29/2016 1","2:40	2","2.621	21.5			",,
3,"66	4/29/2016 1","2:50	2","2.621	32.3			",,
3,"67	4/29/2016 1","3:00	2","2.621	32.3			",,
3,"68	4/29/2016 1","3:10	2","2.525	32.3			",,
3,"69	4/29/2016 1","3:20	2","2.429	32.3			",,
3,"70	4/29/2016 1","3:30	2","2.333	32.3			",,
3,"71	4/29/2016 1","3:40	2","2.333	32.3			",,
3,"72	4/29/2016 1","3:50	2","2.238	32.3			",,
3,"73	4/29/2016 1","4:00	2","2.238	21.5			",,
3,"74	4/29/2016 1","4:10	2","2.238	183			",,
3,"75	4/29/2016 1","4:20	2","2.429	290.6			",,
3,"76	4/29/2016 1","4:30	2","2.429	0			",,
3,"77	4/29/2016 1","4:40	2","6.781	581.3			",,
3,"78	4/29/2016 1","4:50	2","9.452	187379			",,
3,"79	4/29/2016 1","5:00	3","3.848	93689.5			",,
3,"80	4/29/2016 1","5:10	3","1.778	44089.2			",,
3,"81	4/29/2016 1","5:20	3","1.268	18600.1			",,
3,"82	4/29/2016 1","5:30	3","1.37	31689.1			",,
3,"83	4/29/2016 1","5:40	3","1.574	71644.9			",,
3,"84	4/29/2016 1","5:50	3","1.472	28933.5			",,
3,"85	4/29/2016 1","6:00	3","0.76	13777.9			",,
3,"86	4/29/2016 1","6:10	3","0.76	15155.7			",,
3,"87	4/29/2016 1","6:20	3","0.76	15844.5			",,
3,"88	4/29/2016 1","6:30	3","0.76	11022.3			",,
3,"89	4/29/2016 1","6:40	3","0.558	9300.1			",,
3,"90	4/29/2016 1","6:50	3","0.659	16533.4			",,
3,"91	4/29/2016 1","7:00	3","0.659	13089			",,
3,"92	4/29/2016 1","7:10	3","0.457	19289			",,
3,"93	4/29/2016 1","7:20	3","0.154	6544.5			",,
3,"94	4/29/2016 1","7:30	2","9.953	7577.8			",,
3,"95	4/29/2016 1","7:40	2","9.752	3616.7			",,
3,"96	4/29/2016 1","7:50	2","9.752	2669.5			",,
3,"97	4/29/2016 1","8:00	2","9.652	3272.2			",,
3,"98	4/29/2016 1","8:10	2","9.652	1808.3			",,
3,"99	4/29/2016 1","8:20	2","9.552	1151.7			",,
4,"00	4/29/2016 1","8:30	2","9.552	602.8			",,
4,"01	4/29/2016 1","8:40	2","9.552	183			",,
4,"02	4/29/2016 1","8:50	2","9.552	21.5			",,
4,"03	4/29/2016 1","9:00	2","9.552	0			",,
4,"04	4/29/2016 1","9:10	2","9.552	0			",,
4,"05	4/29/2016 1","9:20	2","9.552	0			",,
4,"06	4/29/2016 1","9:30	2","9.552	0			",,
4,"07	4/29/2016 1","9:40	2","9.552	0			",,
4,"08	4/29/2016 1","9:50	2","9.552	0			",,
4,"09	4/29/2016 2","0:00	2","9.552	0			",,
4,"10	4/29/2016 2","0:10	2","9.552	0			",,
4,"11	4/29/2016 2","0:20	2","9.552	0			",,
4,"12	4/29/2016 2","0:30	2","9.552	0			",,
4,"13	4/29/2016 2","0:40	2","9.552	0			",,
4,"14	4/29/2016 2","0:50	2","9.452	0			",,
4,"15	4/29/2016 2","1:00	2","9.452	0			",,
4,"16	4/29/2016 2","1:10	2","9.352	0			",,
4,"17	4/29/2016 2","1:20	2","9.352	0			",,
4,"18	4/29/2016 2","1:30	2","9.352	0			",,
4,"19	4/29/2016 2","1:40	2","9.252	0			",,
4,"20	4/29/2016 2","1:50	2","9.252	0			",,
4,"21	4/29/2016 2","2:00	2","9.252	0			",,
4,"22	4/29/2016 2","2:10	2","9.152	0			",,
4,"23	4/29/2016 2","2:20	2","9.053	0			",,
4,"24	4/29/2016 2","2:30	2","8.853	0			",,
4,"25	4/29/2016 2","2:40	2","8.754	0			",,
4,"26	4/29/2016 2","2:50	2","8.555	0			",,
4,"27	4/29/2016 2","3:00	2","8.357	0			",,
4,"28	4/29/2016 2","3:10	2","8.258	0			",,
4,"29	4/29/2016 2","3:20	2","8.159	0			",,
4,"30	4/29/2016 2","3:30	2","8.159	0			",,
4,"31	4/29/2016 2","3:40	2","8.159	0			",,
4,"32	4/29/2016 2","3:50	2","8.159	0			",,
4,"33	4/30/2016 0",":00	28",".159	0			",,
4,"34	4/30/2016 0",":10	28",".159	0			",,
4,"35	4/30/2016 0",":20	28",".06	0			",,
4,"36	4/30/2016 0",":30	28",".159	0			",,
4,"37	4/30/2016 0",":40	28",".06	0			",,
4,"38	4/30/2016 0",":50	28",".06	0			",,
4,"39	4/30/2016 1",":00	28",".06	0			",,
4,"40	4/30/2016 1",":10	28",".06	0			",,
4,"41	4/30/2016 1",":20	28",".06	0			",,
4,"42	4/30/2016 1",":30	28",".06	0			",,
4,"43	4/30/2016 1",":40	28",".06	0			",,
4,"44	4/30/2016 1",":50	28",".06	0			",,
4,"45	4/30/2016 2",":00	28",".06	0			",,
4,"46	4/30/2016 2",":10	28",".06	0			",,
4,"47	4/30/2016 2",":20	28",".06	0			",,
4,"48	4/30/2016 2",":30	28",".06	0			",,
4,"49	4/30/2016 2",":40	27",".961	0			",,
4,"50	4/30/2016 2",":50	27",".961	0			",,
4,"51	4/30/2016 3",":00	27",".961	0			",,
4,"52	4/30/2016 3",":10	27",".961	0			",,
4,"53	4/30/2016 3",":20	27",".961	0			",,
4,"54	4/30/2016 3",":30	27",".961	0			",,
4,"55	4/30/2016 3",":40	27",".961	0			",,
4,"56	4/30/2016 3",":50	28",".06	0			",,
4,"57	4/30/2016 4",":00	28",".06	0			",,
4,"58	4/30/2016 4",":10	28",".06	0			",,
4,"59	4/30/2016 4",":20	28",".06	0			",,
4,"60	4/30/2016 4",":30	28",".06	0			",,
4,"61	4/30/2016 4",":40	27",".961	0			",,
4,"62	4/30/2016 4",":50	27",".961	0			",,
4,"63	4/30/2016 5",":00	27",".961	0			",,
4,"64	4/30/2016 5",":10	28",".06	0			",,
4,"65	4/30/2016 5",":20	28",".06	0			",,
4,"66	4/30/2016 5",":30	27",".961	0			",,
4,"67	4/30/2016 5",":40	27",".961	0			",,
4,"68	4/30/2016 5",":50	28",".06	21.5			",,
4,"69	4/30/2016 6",":00	28",".06	183			",,
4,"70	4/30/2016 6",":10	27",".961	484.4			",,
4,"71	4/30/2016 6",":20	27",".961	828.8			",,
4,"72	4/30/2016 6",":30	28",".06	1894.5			",,
4,"73	4/30/2016 6",":40	28",".06	2066.7			",,
4,"74	4/30/2016 6",":50	28",".06	3788.9			",,
4,"75	4/30/2016 7",":00	27",".961	3444.5			",,
4,"76	4/30/2016 7",":10	28",".06	5338.9			",,
4,"77	4/30/2016 7",":20	28",".159	3444.5			",,
4,"78	4/30/2016 7",":30	28",".357	9300.1			",,
4,"79	4/30/2016 7",":40	28",".357	4133.4			",,
4,"80	4/30/2016 7",":50	28",".258	3788.9			",,
4,"81	4/30/2016 8",":00	28",".555	37200.2			",,
4,"82	4/30/2016 8",":10	28",".357	5166.7			",,
4,"83	4/30/2016 8",":20	28",".456	9300.1			",,
4,"84	4/30/2016 8",":30	28",".655	11711.2			",,
4,"85	4/30/2016 8",":40	28",".555	9644.5			",,
4,"86	4/30/2016 8",":50	29",".053	20666.8			",,
4,"87	4/30/2016 9",":00	28",".853	12400.1			",,
4,"88	4/30/2016 9",":10	28",".853	8611.2			",,
4,"89	4/30/2016 9",":20	28",".853	9644.5			",,
4,"90	4/30/2016 9",":30	29",".352	30311.3			",,
4,"91	4/30/2016 9",":40	29",".053	10677.8			",,
4,"92	4/30/2016 9",":50	29",".452	16533.4			",,
4,"93	4/30/2016 1","0:00	2","9.152	10333.4			",,
4,"94	4/30/2016 1","0:10	2","9.853	26178			",,
4,"95	4/30/2016 1","0:20	3","0.356	39955.8			",,
4,"96	4/30/2016 1","0:30	3","0.862	26178			",,
4,"97	4/30/2016 1","0:40	3","0.558	30311.3			",,
4,"98	4/30/2016 1","0:50	3","1.268	23422.4			",,
4,"99	4/30/2016 1","1:00	3","0.154	19289			",,
5,"00	4/30/2016 1","1:10	3","1.472	35822.5			",,
5,"01	4/30/2016 1","1:20	3","1.472	17222.3			",,
5,"02	4/30/2016 1","1:30	3","1.778	41333.6			",,
5,"03	4/30/2016 1","1:40	3","1.574	31689.1			",,
5,"04	4/30/2016 1","1:50	3","2.086	74400.5			",,
5,"05	4/30/2016 1","2:00	3","2.086	137778.7			",,
5,"06	4/30/2016 1","2:10	3","2.497	39955.8			",,
5,"07	4/30/2016 1","2:20	3","1.676	104711.8			",,
5,"08	4/30/2016 1","2:30	3","1.472	24800.2			",,
5,"09	4/30/2016 1","2:40	3","1.983	31689.1			",,
5,"10	4/30/2016 1","2:50	3","2.188	27555.7			",,
5,"11	4/30/2016 1","3:00	3","1.574	39955.8			",,
5,"12	4/30/2016 1","3:10	3","1.472	21355.7			",,
5,"13	4/30/2016 1","3:20	3","1.472	17222.3			",,
5,"14	4/30/2016 1","3:30	3","1.37	12400.1			",,
5,"15	4/30/2016 1","3:40	3","1.778	13089			",,
5,"16	4/30/2016 1","3:50	3","1.268	6544.5			",,
5,"17	4/30/2016 1","4:00	3","1.166	5166.7			",,
5,"18	4/30/2016 1","4:10	3","0.76	3272.2			",,
5,"19	4/30/2016 1","4:20	3","0.659	6544.5			",,
5,"20	4/30/2016 1","4:30	3","0.659	14466.8			",,
5,"21	4/30/2016 1","4:40	3","0.963	46844.8			",,
5,"22	4/30/2016 1","4:50	3","0.76	77156.1			",,
5,"23	4/30/2016 1","5:00	3","0.963	30311.3			",,
5,"24	4/30/2016 1","5:10	3","0.054	8266.7			",,
5,"25	4/30/2016 1","5:20	2","9.953	8266.7			",,
5,"26	4/30/2016 1","5:30	3","0.154	11711.2			",,
5,"27	4/30/2016 1","5:40	3","0.356	12400.1			",,
5,"28	4/30/2016 1","5:50	3","0.457	13777.9			",,
5,"29	4/30/2016 1","6:00	3","0.558	12400.1			",,
5,"30	4/30/2016 1","6:10	3","0.558	19977.9			",,
5,"31	4/30/2016 1","6:20	3","0.76	16533.4			",,
5,"32	4/30/2016 1","6:30	3","0.457	17911.2			",,
5,"33	4/30/2016 1","6:40	2","9.953	7233.4			",,
5,"34	4/30/2016 1","6:50	2","9.853	5166.7			",,
5,"35	4/30/2016 1","7:00	3","0.054	12400.1			",,
5,"36	4/30/2016 1","7:10	3","0.054	18600.1			",,
5,"37	4/30/2016 1","7:20	3","0.154	7233.4			",,
5,"38	4/30/2016 1","7:30	3","0.255	7577.8			",,
5,"39	4/30/2016 1","7:40	3","0.054	3444.5			",,
5,"40	4/30/2016 1","7:50	2","9.853	1980.6			",,
5,"41	4/30/2016 1","8:00	2","9.552	1377.8			",,
5,"42	4/30/2016 1","8:10	2","9.452	925.7			",,
5,"43	4/30/2016 1","8:20	2","9.252	678.1			",,
5,"44	4/30/2016 1","8:30	2","9.152	398.3			",,
5,"45	4/30/2016 1","8:40	2","9.152	129.2			",,
5,"46	4/30/2016 1","8:50	2","9.053	10.8			",,
5,"47	4/30/2016 1","9:00	2","9.152	0			",,
5,"48	4/30/2016 1","9:10	2","9.053	0			",,
5,"49	4/30/2016 1","9:20	2","9.053	0			",,
5,"50	4/30/2016 1","9:30	2","9.053	0			",,
5,"51	4/30/2016 1","9:40	2","9.053	0			",,
5,"52	4/30/2016 1","9:50	2","9.152	0			",,
5,"53	4/30/2016 2","0:00	2","9.152	0			",,
5,"54	4/30/2016 2","0:10	2","9.152	0			",,
5,"55	4/30/2016 2","0:20	2","9.252	0			",,
5,"56	4/30/2016 2","0:30	2","9.252	0			",,
5,"57	4/30/2016 2","0:40	2","9.252	0			",,
5,"58	4/30/2016 2","0:50	2","9.152	0			",,
5,"59	4/30/2016 2","1:00	2","9.152	0			",,
5,"60	4/30/2016 2","1:10	2","9.152	0			",,
5,"61	4/30/2016 2","1:20	2","9.053	0			",,
5,"62	4/30/2016 2","1:30	2","9.053	0			",,
5,"63	4/30/2016 2","1:40	2","9.053	0			",,
5,"64	4/30/2016 2","1:50	2","9.053	0			",,
5,"65	4/30/2016 2","2:00	2","9.053	0			",,
5,"66	4/30/2016 2","2:10	2","9.053	0			",,
5,"67	4/30/2016 2","2:20	2","9.053	0			",,
5,"68	4/30/2016 2","2:30	2","8.953	0			",,
5,"69	4/30/2016 2","2:40	2","8.953	0			",,
5,"70	4/30/2016 2","2:50	2","8.853	0			",,
5,"71	4/30/2016 2","3:00	2","8.853	0			",,
5,"72	4/30/2016 2","3:10	2","8.754	0			",,
5,"73	4/30/2016 2","3:20	2","8.655	0			",,
5,"74	4/30/2016 2","3:30	2","8.555	0			",,
5,"75	4/30/2016 2","3:40	2","8.456	0			",,
5,"76	4/30/2016 2","3:50	2","8.159	0			",,
5,"77	5/1/2016 0:","00	27.","862	0			",,
5,"78	5/1/2016 0:","10	27.","665	0			",,
5,"79	5/1/2016 0:","20	27.","665	0			",,
5,"80	5/1/2016 0:","30	27.","665	0			",,
5,"81	5/1/2016 0:","40	27.","665	0			",,
5,"82	5/1/2016 0:","50	27.","764	0			",,
5,"83	5/1/2016 1:","00	27.","764	0			",,
5,"84	5/1/2016 1:","10	27.","764	0			",,
5,"85	5/1/2016 1:","20	27.","764	0			",,
5,"86	5/1/2016 1:","30	27.","764	0			",,
5,"87	5/1/2016 1:","40	27.","764	0			",,
5,"88	5/1/2016 1:","50	27.","764	0			",,
5,"89	5/1/2016 2:","00	27.","764	0			",,
5,"90	5/1/2016 2:","10	27.","764	0			",,
5,"91	5/1/2016 2:","20	27.","665	0			",,
5,"92	5/1/2016 2:","30	27.","665	0			",,
5,"93	5/1/2016 2:","40	27.","665	0			",,
5,"94	5/1/2016 2:","50	27.","665	0			",,
5,"95	5/1/2016 3:","00	27.","665	0			",,
5,"96	5/1/2016 3:","10	27.","567	0			",,
5,"97	5/1/2016 3:","20	27.","567	0			",,
5,"98	5/1/2016 3:","30	27.","468	0			",,
5,"99	5/1/2016 3:","40	27.","468	0			",,
6,"00	5/1/2016 3:","50	27.","468	0			",,
6,"01	5/1/2016 4:","00	27.","468	0			",,
6,"02	5/1/2016 4:","10	27.","468	0			",,
6,"03	5/1/2016 4:","20	27.","567	0			",,
6,"04	5/1/2016 4:","30	27.","567	0			",,
6,"05	5/1/2016 4:","40	27.","567	0			",,
6,"06	5/1/2016 4:","50	27.","567	0			",,
6,"07	5/1/2016 5:","00	27.","567	0			",,
6,"08	5/1/2016 5:","10	27.","567	0			",,
6,"09	5/1/2016 5:","20	27.","468	0			",,
6,"10	5/1/2016 5:","30	27.","468	0			",,
6,"11	5/1/2016 5:","40	27.","37	0			",,
6,"12	5/1/2016 5:","50	27.","37	21.5			",,
6,"13	5/1/2016 6:","00	27.","37	161.5			",,
6,"14	5/1/2016 6:","10	27.","37	452.1			",,
6,"15	5/1/2016 6:","20	27.","37	721.2			",,
6,"16	5/1/2016 6:","30	27.","37	1248.6			",,
6,"17	5/1/2016 6:","40	27.","37	1248.6			",,
6,"18	5/1/2016 6:","50	27.","37	1808.3			",,
6,"19	5/1/2016 7:","00	27.","468	3788.9			",,
6,"20	5/1/2016 7:","10	27.","37	2755.6			",,
6,"21	5/1/2016 7:","20	27.","567	8266.7			",,
6,"22	5/1/2016 7:","30	27.","665	9300.1			",,
6,"23	5/1/2016 7:","40	27.","665	5166.7			",,
6,"24	5/1/2016 7:","50	27.","862	16533.4			",,
6,"25	5/1/2016 8:","00	27.","961	31689.1			",,
6,"26	5/1/2016 8:","10	27.","961	6200			",,
6,"27	5/1/2016 8:","20	28.","258	52355.9			",,
6,"28	5/1/2016 8:","30	28.","456	9300.1			",,
6,"29	5/1/2016 8:","40	28.","655	15844.5			",,
6,"30	5/1/2016 8:","50	28.","357	10333.4			",,
6,"31	5/1/2016 9:","00	28.","754	34444.7			",,
6,"32	5/1/2016 9:","10	28.","853	9300.1			",,
6,"33	5/1/2016 9:","20	28.","953	19977.9			",,
6,"34	5/1/2016 9:","30	29.","053	28933.5			",,
6,"35	5/1/2016 9:","40	29.","652	24800.2			",,
6,"36	5/1/2016 9:","50	29.","452	41333.6			",,
6,"37	5/1/2016 10",":00	29",".853	55111.5			",,
6,"38	5/1/2016 10",":10	30",".054	13777.9			",,
6,"39	5/1/2016 10",":20	30",".255	28933.5			",,
6,"40	5/1/2016 10",":30	30",".558	49600.3			",,
6,"41	5/1/2016 10",":40	30",".659	110223			",,
6,"42	5/1/2016 10",":50	30",".963	44089.2			",,
6,"43	5/1/2016 11",":00	31",".268	31689.1			",,
6,"44	5/1/2016 11",":10	31",".472	57867			",,
6,"45	5/1/2016 11",":20	31",".574	60622.6			",,
6,"46	5/1/2016 11",":30	31",".778	22044.6			",,
6,"47	5/1/2016 11",":40	32",".086	79911.6			",,
6,"48	5/1/2016 11",":50	32",".086	41333.6			",,
6,"49	5/1/2016 12",":00	32",".086	30311.3			",,
6,"50	5/1/2016 12",":10	32",".291	34444.7			",,
6,"51	5/1/2016 12",":20	32",".497	77156.1			",,
6,"52	5/1/2016 12",":30	32",".497	44089.2			",,
6,"53	5/1/2016 12",":40	32",".497	27555.7			",,
6,"54	5/1/2016 12",":50	32",".497	44089.2			",,
6,"55	5/1/2016 13",":00	32",".497	71644.9			",,
6,"56	5/1/2016 13",":10	32",".394	44089.2			",,
6,"57	5/1/2016 13",":20	32",".394	41333.6			",,
6,"58	5/1/2016 13",":30	32",".291	24800.2			",,
6,"59	5/1/2016 13",":40	32",".086	71644.9			",,
6,"60	5/1/2016 13",":50	31",".778	44089.2			",,
6,"61	5/1/2016 14",":00	31",".676	52355.9			",,
6,"62	5/1/2016 14",":10	31",".37	74400.5			",,
6,"63	5/1/2016 14",":20	31",".472	33066.9			",,
6,"64	5/1/2016 14",":30	31",".268	23422.4			",,
6,"65	5/1/2016 14",":40	31",".574	46844.8			",,
6,"66	5/1/2016 14",":50	31",".88	37200.2			",,
6,"67	5/1/2016 15",":00	31",".676	33066.9			",,
6,"68	5/1/2016 15",":10	31",".166	4994.5			",,
6,"69	5/1/2016 15",":20	31",".166	8266.7			",,
6,"70	5/1/2016 15",":30	30",".963	8611.2			",,
6,"71	5/1/2016 15",":40	30",".862	10677.8			",,
6,"72	5/1/2016 15",":50	31",".064	20666.8			",,
6,"73	5/1/2016 16",":00	30",".76	6544.5			",,
6,"74	5/1/2016 16",":10	30",".862	12400.1			",,
6,"75	5/1/2016 16",":20	30",".659	22044.6			",,
6,"76	5/1/2016 16",":30	30",".255	3788.9			",,
6,"77	5/1/2016 16",":40	30",".457	12400.1			",,
6,"78	5/1/2016 16",":50	30",".154	2755.6			",,
6,"79	5/1/2016 17",":00	30",".054	2927.8			",,
6,"80	5/1/2016 17",":10	30",".255	7577.8			",,
6,"81	5/1/2016 17",":20	30",".255	5338.9			",,
6,"82	5/1/2016 17",":30	30",".255	2927.8			",,
6,"83	5/1/2016 17",":40	30",".154	7577.8			",,
6,"84	5/1/2016 17",":50	29",".853	3788.9			",,
6,"85	5/1/2016 18",":00	29",".652	2066.7			",,
6,"86	5/1/2016 18",":10	29",".552	1227.1			",,
6,"87	5/1/2016 18",":20	29",".552	699.7			",,
6,"88	5/1/2016 18",":30	29",".452	333.7			",,
6,"89	5/1/2016 18",":40	29",".352	86.1			",,
6,"90	5/1/2016 18",":50	29",".352	0			",,
6,"91	5/1/2016 19",":00	29",".352	0			",,
6,"92	5/1/2016 19",":10	29",".252	0			",,
6,"93	5/1/2016 19",":20	29",".252	0			",,
6,"94	5/1/2016 19",":30	29",".152	0			",,
6,"95	5/1/2016 19",":40	29",".152	0			",,
6,"96	5/1/2016 19",":50	29",".053	0			",,
6,"97	5/1/2016 20",":00	28",".953	0			",,
6,"98	5/1/2016 20",":10	28",".953	0			",,
6,"99	5/1/2016 20",":20	28",".953	0			",,
7,"00	5/1/2016 20",":30	28",".853	0			",,
7,"01	5/1/2016 20",":40	28",".853	0			",,
7,"02	5/1/2016 20",":50	28",".853	0			",,
7,"03	5/1/2016 21",":00	28",".754	0			",,
7,"04	5/1/2016 21",":10	28",".754	0			",,
7,"05	5/1/2016 21",":20	28",".754	0			",,
7,"06	5/1/2016 21",":30	28",".655	0			",,
7,"07	5/1/2016 21",":40	28",".655	0			",,
7,"08	5/1/2016 21",":50	28",".655	0			",,
7,"09	5/1/2016 22",":00	28",".655	0			",,
7,"10	5/1/2016 22",":10	28",".555	0			",,
7,"11	5/1/2016 22",":20	28",".555	0			",,
7,"12	5/1/2016 22",":30	28",".456	0			",,
7,"13	5/1/2016 22",":40	28",".456	0			",,
7,"14	5/1/2016 22",":50	28",".357	0			",,
7,"15	5/1/2016 23",":00	28",".258	0			",,
7,"16	5/1/2016 23",":10	28",".258	0			",,
7,"17	5/1/2016 23",":20	28",".159	0			",,
7,"18	5/1/2016 23",":30	28",".06	0			",,
7,"19	5/1/2016 23",":40	28",".06	0			",,
7,"20	5/1/2016 23",":50	28",".06	0			",,
7,"21	5/2/2016 0:","00	27.","665	0			",,
7,"22	5/2/2016 0:","10	27.","272	0			",,
7,"23	5/2/2016 0:","20	27.","173	0			",,
7,"24	5/2/2016 0:","30	27.","272	0			",,
7,"25	5/2/2016 0:","40	27.","468	0			",,
7,"26	5/2/2016 0:","50	27.","567	0			",,
7,"27	5/2/2016 1:","00	27.","567	0			",,
7,"28	5/2/2016 1:","10	27.","665	0			",,
7,"29	5/2/2016 1:","20	27.","665	0			",,
7,"30	5/2/2016 1:","30	27.","665	0			",,
7,"31	5/2/2016 1:","40	27.","665	0			",,
7,"32	5/2/2016 1:","50	27.","665	0			",,
7,"33	5/2/2016 2:","00	27.","665	0			",,
7,"34	5/2/2016 2:","10	27.","862	0			",,
7,"35	5/2/2016 2:","20	27.","665	0			",,
7,"36	5/2/2016 2:","30	27.","665	0			",,
7,"37	5/2/2016 2:","40	27.","665	0			",,
7,"38	5/2/2016 2:","50	27.","665	0			",,
7,"39	5/2/2016 3:","00	27.","764	0			",,
7,"40	5/2/2016 3:","10	27.","764	0			",,
7,"41	5/2/2016 3:","20	27.","764	0			",,
7,"42	5/2/2016 3:","30	27.","567	0			",,
7,"43	5/2/2016 3:","40	27.","468	0			",,
7,"44	5/2/2016 3:","50	27.","567	0			",,
7,"45	5/2/2016 4:","00	27.","567	0			",,
7,"46	5/2/2016 4:","10	27.","665	0			",,
7,"47	5/2/2016 4:","20	27.","567	0			",,
7,"48	5/2/2016 4:","30	27.","567	0			",,
7,"49	5/2/2016 4:","40	27.","567	0			",,
7,"50	5/2/2016 4:","50	27.","665	0			",,
7,"51	5/2/2016 5:","00	27.","665	0			",,
7,"52	5/2/2016 5:","10	27.","764	0			",,
7,"53	5/2/2016 5:","20	27.","665	0			",,
7,"54	5/2/2016 5:","30	27.","764	0			",,
7,"55	5/2/2016 5:","40	27.","665	0			",,
7,"56	5/2/2016 5:","50	27.","567	10.8			",,
7,"57	5/2/2016 6:","00	27.","567	150.7			",,
7,"58	5/2/2016 6:","10	27.","665	473.6			",,
7,"59	5/2/2016 6:","20	27.","764	839.6			",,
7,"60	5/2/2016 6:","30	27.","665	1259.4			",,
7,"61	5/2/2016 6:","40	27.","764	1722.2			",,
7,"62	5/2/2016 6:","50	27.","764	2755.6			",,
7,"63	5/2/2016 7:","00	27.","862	2927.8			",,
7,"64	5/2/2016 7:","10	27.","961	4477.8			",,
7,"65	5/2/2016 7:","20	28.","06	6200			",,
7,"66	5/2/2016 7:","30	28.","06	6544.5			",,
7,"67	5/2/2016 7:","40	28.","258	14466.8			",,
7,"68	5/2/2016 7:","50	28.","357	6544.5			",,
7,"69	5/2/2016 8:","00	28.","555	16533.4			",,
7,"70	5/2/2016 8:","10	28.","655	26178			",,
7,"71	5/2/2016 8:","20	28.","853	17222.3			",,
7,"72	5/2/2016 8:","30	29.","053	17911.2			",,
7,"73	5/2/2016 8:","40	29.","252	10677.8			",,
7,"74	5/2/2016 8:","50	29.","452	13089			",,
7,"75	5/2/2016 9:","00	29.","652	14466.8			",,
7,"76	5/2/2016 9:","10	29.","853	44089.2			",,
7,"77	5/2/2016 9:","20	30.","154	24800.2			",,
7,"78	5/2/2016 9:","30	30.","356	49600.3			",,
7,"79	5/2/2016 9:","40	30.","558	15844.5			",,
7,"80	5/2/2016 9:","50	30.","76	71644.9			",,
7,"81	5/2/2016 10",":00	30",".963	34444.7			",,
7,"82	5/2/2016 10",":10	31",".166	68889.3			",,
7,"83	5/2/2016 10",":20	31",".37	46844.8			",,
7,"84	5/2/2016 10",":30	31",".574	15844.5			",,
7,"85	5/2/2016 10",":40	31",".778	44089.2			",,
7,"86	5/2/2016 10",":50	31",".88	41333.6			",,
7,"87	5/2/2016 11",":00	31",".88	16533.4			",,
7,"88	5/2/2016 11",":10	31",".983	22044.6			",,
7,"89	5/2/2016 11",":20	31",".983	93689.5			",,
7,"90	5/2/2016 11",":30	31",".983	28933.5			",,
7,"91	5/2/2016 11",":40	32",".086	22044.6			",,
7,"92	5/2/2016 11",":50	32",".086	42711.4			",,
7,"93	5/2/2016 12",":00	32",".188	63378.2			",,
7,"94	5/2/2016 12",":10	32",".188	85422.8			",,
7,"95	5/2/2016 12",":20	32",".394	79911.6			",,
7,"96	5/2/2016 12",":30	32",".394	82667.2			",,
7,"97	5/2/2016 12",":40	32",".291	60622.6			",,
7,"98	5/2/2016 12",":50	32",".086	55111.5			",,
7,"99	5/2/2016 13",":00	31",".778	26178			",,
8,"00	5/2/2016 13",":10	31",".574	57867			",,
8,"01	5/2/2016 13",":20	31",".676	26178			",,
8,"02	5/2/2016 13",":30	31",".778	66133.8			",,
8,"03	5/2/2016 13",":40	31",".574	34444.7			",,
8,"04	5/2/2016 13",":50	31",".472	66133.8			",,
8,"05	5/2/2016 14",":00	31",".166	17911.2			",,
8,"06	5/2/2016 14",":10	31",".166	46844.8			",,
8,"07	5/2/2016 14",":20	31",".37	41333.6			",,
8,"08	5/2/2016 14",":30	31",".064	57867			",,
8,"09	5/2/2016 14",":40	31",".064	30311.3			",,
8,"10	5/2/2016 14",":50	30",".963	41333.6			",,
8,"11	5/2/2016 15",":00	31",".472	41333.6			",,
8,"12	5/2/2016 15",":10	31",".268	26178			",,
8,"13	5/2/2016 15",":20	31",".064	23422.4			",,
8,"14	5/2/2016 15",":30	30",".862	26178			",,
8,"15	5/2/2016 15",":40	30",".862	39955.8			",,
8,"16	5/2/2016 15",":50	30",".356	22044.6			",,
8,"17	5/2/2016 16",":00	30",".558	26178			",,
8,"18	5/2/2016 16",":10	30",".558	6200			",,
8,"19	5/2/2016 16",":20	30",".76	18600.1			",,
8,"20	5/2/2016 16",":30	30",".457	19977.9			",,
8,"21	5/2/2016 16",":40	30",".255	13777.9			",,
8,"22	5/2/2016 16",":50	30",".054	11711.2			",,
8,"23	5/2/2016 17",":00	30",".054	9644.5			",,
8,"24	5/2/2016 17",":10	29",".853	4650			",,
8,"25	5/2/2016 17",":20	29",".853	4822.3			",,
8,"26	5/2/2016 17",":30	29",".752	3788.9			",,
8,"27	5/2/2016 17",":40	29",".652	3961.1			",,
8,"28	5/2/2016 17",":50	29",".552	2927.8			",,
8,"29	5/2/2016 18",":00	29",".452	2755.6			",,
8,"30	5/2/2016 18",":10	29",".352	1334.7			",,
8,"31	5/2/2016 18",":20	29",".252	839.6			",,
8,"32	5/2/2016 18",":30	29",".152	376.7			",,
8,"33	5/2/2016 18",":40	29",".152	118.4			",,
8,"34	5/2/2016 18",":50	29",".152	10.8			",,
8,"35	5/2/2016 19",":00	28",".953	0			",,
8,"36	5/2/2016 19",":10	28",".853	0			",,
8,"37	5/2/2016 19",":20	28",".754	0			",,
8,"38	5/2/2016 19",":30	28",".754	0			",,
8,"39	5/2/2016 19",":40	28",".655	0			",,
8,"40	5/2/2016 19",":50	28",".655	0			",,
8,"41	5/2/2016 20",":00	28",".555	0			",,
8,"42	5/2/2016 20",":10	28",".555	0			",,
8,"43	5/2/2016 20",":20	28",".456	0			",,
8,"44	5/2/2016 20",":30	28",".357	0			",,
8,"45	5/2/2016 20",":40	28",".357	0			",,
8,"46	5/2/2016 20",":50	28",".258	0			",,
8,"47	5/2/2016 21",":00	28",".258	0			",,
8,"48	5/2/2016 21",":10	28",".159	0			",,
8,"49	5/2/2016 21",":20	28",".06	0			",,
8,"50	5/2/2016 21",":30	28",".06	0			",,
8,"51	5/2/2016 21",":40	27",".961	0			",,
8,"52	5/2/2016 21",":50	27",".961	0			",,
8,"53	5/2/2016 22",":00	27",".862	0			",,
8,"54	5/2/2016 22",":10	27",".862	0			",,
8,"55	5/2/2016 22",":20	27",".764	0			",,
8,"56	5/2/2016 22",":30	27",".665	0			",,
8,"57	5/2/2016 22",":40	27",".665	0			",,
8,"58	5/2/2016 22",":50	27",".665	0			",,
8,"59	5/2/2016 23",":00	27",".665	0			",,
8,"60	5/2/2016 23",":10	27",".567	0			",,
8,"61	5/2/2016 23",":20	27",".567	0			",,
8,"62	5/2/2016 23",":30	27",".567	0			",,
8,"63	5/2/2016 23",":40	27",".567	0			",,
8,"64	5/2/2016 23",":50	27",".567	0			",,
8,"65	5/3/2016 0:","00	27.","665	0			",,
8,"66	5/3/2016 0:","10	27.","665	0			",,
8,"67	5/3/2016 0:","20	27.","764	0			",,
8,"68	5/3/2016 0:","30	27.","764	0			",,
8,"69	5/3/2016 0:","40	27.","862	0			",,
8,"70	5/3/2016 0:","50	27.","862	0			",,
8,"71	5/3/2016 1:","00	27.","862	0			",,
8,"72	5/3/2016 1:","10	27.","961	0			",,
8,"73	5/3/2016 1:","20	27.","961	0			",,
8,"74	5/3/2016 1:","30	27.","961	0			",,
8,"75	5/3/2016 1:","40	28.","06	0			",,
8,"76	5/3/2016 1:","50	28.","159	0			",,
8,"77	5/3/2016 2:","00	28.","258	0			",,
8,"78	5/3/2016 2:","10	28.","159	0			",,
8,"79	5/3/2016 2:","20	28.","258	0			",,
8,"80	5/3/2016 2:","30	28.","258	0			",,
8,"81	5/3/2016 2:","40	28.","258	0			",,
8,"82	5/3/2016 2:","50	28.","258	0			",,
8,"83	5/3/2016 3:","00	28.","258	0			",,
8,"84	5/3/2016 3:","10	28.","258	0			",,
8,"85	5/3/2016 3:","20	28.","159	0			",,
8,"86	5/3/2016 3:","30	28.","159	0			",,
8,"87	5/3/2016 3:","40	28.","258	0			",,
8,"88	5/3/2016 3:","50	28.","159	0			",,
8,"89	5/3/2016 4:","00	28.","06	0			",,
8,"90	5/3/2016 4:","10	28.","06	0			",,
8,"91	5/3/2016 4:","20	28.","159	0			",,
8,"92	5/3/2016 4:","30	28.","159	0			",,
8,"93	5/3/2016 4:","40	28.","06	0			",,
8,"94	5/3/2016 4:","50	28.","159	0			",,
8,"95	5/3/2016 5:","00	28.","159	0			",,
8,"96	5/3/2016 5:","10	28.","159	0			",,
8,"97	5/3/2016 5:","20	28.","159	0			",,
8,"98	5/3/2016 5:","30	28.","159	0			",,
8,"99	5/3/2016 5:","40	28.","258	0			",,
9,"00	5/3/2016 5:","50	28.","159	32.3			",,
9,"01	5/3/2016 6:","00	28.","159	183			",,
9,"02	5/3/2016 6:","10	28.","258	473.6			",,
9,"03	5/3/2016 6:","20	28.","159	796.5			",,
9,"04	5/3/2016 6:","30	28.","159	1076.4			",,
9,"05	5/3/2016 6:","40	28.","258	1550			",,
9,"06	5/3/2016 6:","50	28.","357	2755.6			",,
9,"07	5/3/2016 7:","00	28.","357	1722.2			",,
9,"08	5/3/2016 7:","10	28.","357	1980.6			",,
9,"09	5/3/2016 7:","20	28.","258	1108.7			",,
9,"10	5/3/2016 7:","30	28.","258	6200			",,
9,"11	5/3/2016 7:","40	28.","357	11711.2			",,
9,"12	5/3/2016 7:","50	28.","655	7577.8			",,
9,"13	5/3/2016 8:","00	28.","754	22044.6			",,
9,"14	5/3/2016 8:","10	28.","555	5511.1			",,
9,"15	5/3/2016 8:","20	28.","555	5338.9			",,
9,"16	5/3/2016 8:","30	28.","655	5511.1			",,
9,"17	5/3/2016 8:","40	28.","853	16533.4			",,
9,"18	5/3/2016 8:","50	28.","953	6200			",,
9,"19	5/3/2016 9:","00	28.","754	14466.8			",,
9,"20	5/3/2016 9:","10	29.","552	34444.7			",,
9,"21	5/3/2016 9:","20	29.","152	15844.5			",,
9,"22	5/3/2016 9:","30	29.","452	14466.8			",,
9,"23	5/3/2016 9:","40	29.","752	66133.8			",,
9,"24	5/3/2016 9:","50	30.","154	49600.3			",,
9,"25	5/3/2016 10",":00	30",".356	15155.7			",,
9,"26	5/3/2016 10",":10	30",".659	49600.3			",,
9,"27	5/3/2016 10",":20	30",".154	33066.9			",,
9,"28	5/3/2016 10",":30	30",".457	28933.5			",,
9,"29	5/3/2016 10",":40	30",".558	31689.1			",,
9,"30	5/3/2016 10",":50	30",".963	33066.9			",,
9,"31	5/3/2016 11",":00	30",".76	27555.7			",,
9,"32	5/3/2016 11",":10	31",".37	154312.1			",,
9,"33	5/3/2016 11",":20	31",".37	60622.6			",,
9,"34	5/3/2016 11",":30	31",".574	35822.5			",,
9,"35	5/3/2016 11",":40	31",".574	66133.8			",,
9,"36	5/3/2016 11",":50	31",".983	44089.2			",,
9,"37	5/3/2016 12",":00	31",".983	27555.7			",,
9,"38	5/3/2016 12",":10	31",".88	28933.5			",,
9,"39	5/3/2016 12",":20	31",".574	14466.8			",,
9,"40	5/3/2016 12",":30	31",".574	17222.3			",,
9,"41	5/3/2016 12",":40	32",".086	66133.8			",,
9,"42	5/3/2016 12",":50	32",".086	30311.3			",,
9,"43	5/3/2016 13",":00	31",".166	18600.1			",,
9,"44	5/3/2016 13",":10	31",".676	44089.2			",,
9,"45	5/3/2016 13",":20	31",".268	63378.2			",,
9,"46	5/3/2016 13",":30	31",".472	137778.7			",,
9,"47	5/3/2016 13",":40	31",".166	28933.5			",,
9,"48	5/3/2016 13",":50	31",".268	22044.6			",,
9,"49	5/3/2016 14",":00	31",".472	49600.3			",,
9,"50	5/3/2016 14",":10	31",".37	49600.3			",,
9,"51	5/3/2016 14",":20	30",".862	37200.2			",,
9,"52	5/3/2016 14",":30	30",".963	20666.8			",,
9,"53	5/3/2016 14",":40	30",".457	34444.7			",,
9,"54	5/3/2016 14",":50	30",".963	33066.9			",,
9,"55	5/3/2016 15",":00	30",".76	46844.8			",,
9,"56	5/3/2016 15",":10	30",".154	26178			",,
9,"57	5/3/2016 15",":20	30",".054	13777.9			",,
9,"58	5/3/2016 15",":30	29",".853	13089			",,
9,"59	5/3/2016 15",":40	29",".752	10677.8			",,
9,"60	5/3/2016 15",":50	29",".752	9300.1			",,
9,"61	5/3/2016 16",":00	29",".853	8611.2			",,
9,"62	5/3/2016 16",":10	29",".853	27555.7			",,
9,"63	5/3/2016 16",":20	29",".652	16533.4			",,
9,"64	5/3/2016 16",":30	29",".752	15155.7			",,
9,"65	5/3/2016 16",":40	29",".652	8266.7			",,
9,"66	5/3/2016 16",":50	29",".552	10333.4			",,
9,"67	5/3/2016 17",":00	29",".352	4133.4			",,
9,"68	5/3/2016 17",":10	29",".252	8611.2			",,
9,"69	5/3/2016 17",":20	29",".252	11711.2			",,
9,"70	5/3/2016 17",":30	28",".953	4650			",,
9,"71	5/3/2016 17",":40	28",".953	3788.9			",,
9,"72	5/3/2016 17",":50	28",".754	1894.5			",,
9,"73	5/3/2016 18",":00	28",".754	1550			",,
9,"74	5/3/2016 18",":10	28",".754	1302.4			",,
9,"75	5/3/2016 18",":20	28",".655	602.8			",,
9,"76	5/3/2016 18",":30	28",".555	312.2			",,
9,"77	5/3/2016 18",":40	28",".555	107.6			",,
9,"78	5/3/2016 18",":50	28",".456	10.8			",,
9,"79	5/3/2016 19",":00	28",".555	0			",,
9,"80	5/3/2016 19",":10	28",".456	0			",,
9,"81	5/3/2016 19",":20	28",".357	0			",,
9,"82	5/3/2016 19",":30	28",".357	0			",,
9,"83	5/3/2016 19",":40	28",".258	0			",,
9,"84	5/3/2016 19",":50	28",".258	0			",,
9,"85	5/3/2016 20",":00	28",".258	0			",,
9,"86	5/3/2016 20",":10	28",".258	0			",,
9,"87	5/3/2016 20",":20	28",".159	0			",,
9,"88	5/3/2016 20",":30	28",".159	0			",,
9,"89	5/3/2016 20",":40	28",".159	0			",,
9,"90	5/3/2016 20",":50	28",".06	0			",,
9,"91	5/3/2016 21",":00	28",".06	0			",,
9,"92	5/3/2016 21",":10	27",".961	0			",,
9,"93	5/3/2016 21",":20	27",".961	0			",,
9,"94	5/3/2016 21",":30	27",".961	0			",,
9,"95	5/3/2016 21",":40	27",".862	0			",,
9,"96	5/3/2016 21",":50	27",".764	0			",,
9,"97	5/3/2016 22",":00	27",".764	0			",,
9,"98	5/3/2016 22",":10	27",".764	0			",,
9,"99	5/3/2016 22",":20	27",".665	0			",,
1,"000	5/3/2016 2","2:30	2","7.665	0			",,
1,"001	5/3/2016 2","2:40	2","7.665	0			",,
1,"002	5/3/2016 2","2:50	2","7.665	0			",,
1,"003	5/3/2016 2","3:00	2","7.567	0			",,
1,"004	5/3/2016 2","3:10	2","7.567	0			",,
1,"005	5/3/2016 2","3:20	2","7.468	0			",,
1,"006	5/3/2016 2","3:30	2","7.468	0			",,
1,"007	5/3/2016 2","3:40	2","7.468	0			",,
1,"008	5/3/2016 2","3:50	2","7.37	0			",,
1,"009	5/4/2016 0",":00	27",".37	0			",,
1,"010	5/4/2016 0",":10	27",".37	0			",,
1,"011	5/4/2016 0",":20	27",".37	0			",,
1,"012	5/4/2016 0",":30	27",".37	0			",,
1,"013	5/4/2016 0",":40	27",".37	0			",,
1,"014	5/4/2016 0",":50	27",".37	0			",,
1,"015	5/4/2016 1",":00	27",".468	0			",,
1,"016	5/4/2016 1",":10	27",".468	0			",,
1,"017	5/4/2016 1",":20	27",".665	0			",,
1,"018	5/4/2016 1",":30	27",".665	0			",,
1,"019	5/4/2016 1",":40	27",".764	0			",,
1,"020	5/4/2016 1",":50	27",".764	0			",,
1,"021	5/4/2016 2",":00	27",".862	0			",,
1,"022	5/4/2016 2",":10	27",".961	0			",,
1,"023	5/4/2016 2",":20	27",".862	0			",,
1,"024	5/4/2016 2",":30	27",".862	0			",,
1,"025	5/4/2016 2",":40	27",".862	0			",,
1,"026	5/4/2016 2",":50	27",".862	0			",,
1,"027	5/4/2016 3",":00	27",".862	0			",,
1,"028	5/4/2016 3",":10	27",".862	0			",,
1,"029	5/4/2016 3",":20	27",".764	0			",,
1,"030	5/4/2016 3",":30	27",".862	0			",,
1,"031	5/4/2016 3",":40	27",".961	0			",,
1,"032	5/4/2016 3",":50	27",".862	0			",,
1,"033	5/4/2016 4",":00	27",".961	0			",,
1,"034	5/4/2016 4",":10	27",".862	0			",,
1,"035	5/4/2016 4",":20	27",".961	0			",,
1,"036	5/4/2016 4",":30	27",".862	0			",,
1,"037	5/4/2016 4",":40	27",".961	0			",,
1,"038	5/4/2016 4",":50	27",".862	0			",,
1,"039	5/4/2016 5",":00	27",".862	0			",,
1,"040	5/4/2016 5",":10	27",".862	0			",,
1,"041	5/4/2016 5",":20	27",".961	0			",,
1,"042	5/4/2016 5",":30	27",".961	0			",,
1,"043	5/4/2016 5",":40	27",".961	0			",,
1,"044	5/4/2016 5",":50	27",".961	21.5			",,
1,"045	5/4/2016 6",":00	27",".961	161.5			",,
1,"046	5/4/2016 6",":10	28",".06	387.5			",,
1,"047	5/4/2016 6",":20	27",".961	613.5			",,
1,"048	5/4/2016 6",":30	28",".06	979.5			",,
1,"049	5/4/2016 6",":40	28",".159	2066.7			",,
1,"050	5/4/2016 6",":50	28",".06	2152.8			",,
1,"051	5/4/2016 7",":00	28",".159	2583.4			",,
1,"052	5/4/2016 7",":10	28",".357	4994.5			",,
1,"053	5/4/2016 7",":20	28",".456	6544.5			",,
1,"054	5/4/2016 7",":30	28",".555	3961.1			",,
1,"055	5/4/2016 7",":40	28",".555	3961.1			",,
1,"056	5/4/2016 7",":50	28",".655	7577.8			",,
1,"057	5/4/2016 8",":00	28",".754	8611.2			",,
1,"058	5/4/2016 8",":10	28",".853	10677.8			",,
1,"059	5/4/2016 8",":20	28",".853	7577.8			",,
1,"060	5/4/2016 8",":30	28",".953	5511.1			",,
1,"061	5/4/2016 8",":40	29",".053	4133.4			",,
1,"062	5/4/2016 8",":50	28",".754	7233.4			",,
1,"063	5/4/2016 9",":00	29",".352	17222.3			",,
1,"064	5/4/2016 9",":10	29",".552	12400.1			",,
1,"065	5/4/2016 9",":20	29",".252	49600.3			",,
1,"066	5/4/2016 9",":30	29",".652	18600.1			",,
1,"067	5/4/2016 9",":40	29",".652	49600.3			",,
1,"068	5/4/2016 9",":50	29",".953	34444.7			",,
1,"069	5/4/2016 1","0:00	3","0.154	27555.7			",,
1,"070	5/4/2016 1","0:10	3","0.356	23422.4			",,
1,"071	5/4/2016 1","0:20	3","0.255	68889.3			",,
1,"072	5/4/2016 1","0:30	3","0.457	24800.2			",,
1,"073	5/4/2016 1","0:40	3","0.457	49600.3			",,
1,"074	5/4/2016 1","0:50	3","0.255	14466.8			",,
1,"075	5/4/2016 1","1:00	3","0.659	33066.9			",,
1,"076	5/4/2016 1","1:10	3","0.558	15844.5			",,
1,"077	5/4/2016 1","1:20	3","0.356	11711.2			",,
1,"078	5/4/2016 1","1:30	3","0.558	16533.4			",,
1,"079	5/4/2016 1","1:40	3","1.778	74400.5			",,
1,"080	5/4/2016 1","1:50	3","1.37	49600.3			",,
1,"081	5/4/2016 1","2:00	3","1.676	22044.6			",,
1,"082	5/4/2016 1","2:10	3","2.188	63378.2			",,
1,"083	5/4/2016 1","2:20	3","1.983	33066.9			",,
1,"084	5/4/2016 1","2:30	3","2.291	28933.5			",,
1,"085	5/4/2016 1","2:40	3","2.086	12400.1			",,
1,"086	5/4/2016 1","2:50	3","2.704	55111.5			",,
1,"087	5/4/2016 1","3:00	3","2.704	20666.8			",,
1,"088	5/4/2016 1","3:10	3","2.704	15844.5			",,
1,"089	5/4/2016 1","3:20	3","2.704	19289			",,
1,"090	5/4/2016 1","3:30	3","3.014	33066.9			",,
1,"091	5/4/2016 1","3:40	3","2.188	49600.3			",,
1,"092	5/4/2016 1","3:50	3","2.291	44089.2			",,
1,"093	5/4/2016 1","4:00	3","2.188	79911.6			",,
1,"094	5/4/2016 1","4:10	3","2.086	17222.3			",,
1,"095	5/4/2016 1","4:20	3","1.574	38578			",,
1,"096	5/4/2016 1","4:30	3","1.064	18600.1			",,
1,"097	5/4/2016 1","4:40	3","0.862	52355.9			",,
1,"098	5/4/2016 1","4:50	3","1.166	33066.9			",,
1,"099	5/4/2016 1","5:00	3","0.558	11711.2			",,
1,"100	5/4/2016 1","5:10	3","0.558	22044.6			",,
1,"101	5/4/2016 1","5:20	3","0.558	28933.5			",,
1,"102	5/4/2016 1","5:30	3","0.457	26178			",,
1,"103	5/4/2016 1","5:40	3","0.356	22044.6			",,
1,"104	5/4/2016 1","5:50	3","0.154	15155.7			",,
1,"105	5/4/2016 1","6:00	3","0.154	15155.7			",,
1,"106	5/4/2016 1","6:10	3","0.154	13089			",,
1,"107	5/4/2016 1","6:20	2","9.953	6200			",,
1,"108	5/4/2016 1","6:30	2","9.652	3444.5			",,
1,"109	5/4/2016 1","6:40	2","9.652	4305.6			",,
1,"110	5/4/2016 1","6:50	2","9.652	16533.4			",,
1,"111	5/4/2016 1","7:00	2","9.352	1894.5			",,
1,"112	5/4/2016 1","7:10	2","9.652	6544.5			",,
1,"113	5/4/2016 1","7:20	2","9.452	4994.5			",,
1,"114	5/4/2016 1","7:30	2","9.252	1808.3			",,
1,"115	5/4/2016 1","7:40	2","9.252	3444.5			",,
1,"116	5/4/2016 1","7:50	2","9.053	1550			",,
1,"117	5/4/2016 1","8:00	2","8.953	2152.8			",,
1,"118	5/4/2016 1","8:10	2","8.853	1173.3			",,
1,"119	5/4/2016 1","8:20	2","8.853	678.1			",,
1,"120	5/4/2016 1","8:30	2","8.853	312.2			",,
1,"121	5/4/2016 1","8:40	2","8.754	75.3			",,
1,"122	5/4/2016 1","8:50	2","8.655	0			",,
1,"123	5/4/2016 1","9:00	2","8.555	0			",,
1,"124	5/4/2016 1","9:10	2","8.655	0			",,
1,"125	5/4/2016 1","9:20	2","8.655	0			",,
1,"126	5/4/2016 1","9:30	2","8.555	0			",,
1,"127	5/4/2016 1","9:40	2","8.555	0			",,
1,"128	5/4/2016 1","9:50	2","8.456	0			",,
1,"129	5/4/2016 2","0:00	2","8.456	0			",,
1,"130	5/4/2016 2","0:10	2","8.456	0			",,
1,"131	5/4/2016 2","0:20	2","8.357	0			",,
1,"132	5/4/2016 2","0:30	2","8.357	0			",,
1,"133	5/4/2016 2","0:40	2","8.357	0			",,
1,"134	5/4/2016 2","0:50	2","8.357	0			",,
1,"135	5/4/2016 2","1:00	2","8.258	0			",,
1,"136	5/4/2016 2","1:10	2","8.258	0			",,
1,"137	5/4/2016 2","1:20	2","8.258	0			",,
1,"138	5/4/2016 2","1:30	2","8.159	0			",,
1,"139	5/4/2016 2","1:40	2","8.06	0			",,
1,"140	5/4/2016 2","1:50	2","8.06	0			",,
1,"141	5/4/2016 2","2:00	2","8.06	0			",,
1,"142	5/4/2016 2","2:10	2","7.961	0			",,
1,"143	5/4/2016 2","2:20	2","7.961	0			",,
1,"144	5/4/2016 2","2:30	2","7.862	0			",,
1,"145	5/4/2016 2","2:40	2","7.862	0			",,
1,"146	5/4/2016 2","2:50	2","7.764	0			",,
1,"147	5/4/2016 2","3:00	2","7.764	0			",,
1,"148	5/4/2016 2","3:10	2","7.665	0			",,
1,"149	5/4/2016 2","3:20	2","7.665	0			",,
1,"150	5/4/2016 2","3:30	2","7.567	0			",,
1,"151	5/4/2016 2","3:40	2","7.567	0			",,
1,"152	5/4/2016 2","3:50	2","7.567	0			",,
1,"153	5/5/2016 0",":00	27",".567	0			",,
1,"154	5/5/2016 0",":10	27",".567	0			",,
1,"155	5/5/2016 0",":20	27",".468	0			",,
1,"156	5/5/2016 0",":30	27",".468	0			",,
1,"157	5/5/2016 0",":40	27",".468	0			",,
1,"158	5/5/2016 0",":50	27",".468	0			",,
1,"159	5/5/2016 1",":00	27",".567	0			",,
1,"160	5/5/2016 1",":10	27",".567	0			",,
1,"161	5/5/2016 1",":20	27",".665	0			",,
1,"162	5/5/2016 1",":30	27",".665	0			",,
1,"163	5/5/2016 1",":40	27",".764	0			",,
1,"164	5/5/2016 1",":50	27",".764	0			",,
1,"165	5/5/2016 2",":00	27",".862	0			",,
1,"166	5/5/2016 2",":10	27",".961	0			",,
1,"167	5/5/2016 2",":20	27",".961	0			",,
1,"168	5/5/2016 2",":30	28",".06	0			",,
1,"169	5/5/2016 2",":40	28",".06	0			",,
1,"170	5/5/2016 2",":50	28",".06	0			",,
1,"171	5/5/2016 3",":00	28",".06	0			",,
1,"172	5/5/2016 3",":10	28",".06	0			",,
1,"173	5/5/2016 3",":20	28",".06	0			",,
1,"174	5/5/2016 3",":30	27",".961	0			",,
1,"175	5/5/2016 3",":40	27",".961	0			",,
1,"176	5/5/2016 3",":50	27",".961	0			",,
1,"177	5/5/2016 4",":00	28",".06	0			",,
1,"178	5/5/2016 4",":10	28",".06	0			",,
1,"179	5/5/2016 4",":20	28",".159	0			",,
1,"180	5/5/2016 4",":30	28",".06	0			",,
1,"181	5/5/2016 4",":40	28",".06	0			",,
1,"182	5/5/2016 4",":50	28",".06	0			",,
1,"183	5/5/2016 5",":00	28",".06	0			",,
1,"184	5/5/2016 5",":10	28",".159	0			",,
1,"185	5/5/2016 5",":20	28",".159	0			",,
1,"186	5/5/2016 5",":30	28",".258	0			",,
1,"187	5/5/2016 5",":40	28",".159	0			",,
1,"188	5/5/2016 5",":50	28",".159	32.3			",,
1,"189	5/5/2016 6",":00	28",".159	172.2			",,
1,"190	5/5/2016 6",":10	28",".258	419.8			",,
1,"191	5/5/2016 6",":20	28",".357	721.2			",,
1,"192	5/5/2016 6",":30	28",".357	904.2			",,
1,"193	5/5/2016 6",":40	28",".357	1463.9			",,
1,"194	5/5/2016 6",":50	28",".456	1722.2			",,
1,"195	5/5/2016 7",":00	28",".456	4822.3			",,
1,"196	5/5/2016 7",":10	28",".555	2755.6			",,
1,"197	5/5/2016 7",":20	28",".555	4305.6			",,
1,"198	5/5/2016 7",":30	28",".655	5166.7			",,
1,"199	5/5/2016 7",":40	28",".754	6200			",,
1,"200	5/5/2016 7",":50	28",".953	11711.2			",,
1,"201	5/5/2016 8",":00	28",".953	9644.5			",,
1,"202	5/5/2016 8",":10	29",".053	10333.4			",,
1,"203	5/5/2016 8",":20	29",".053	8611.2			",,
1,"204	5/5/2016 8",":30	29",".252	6544.5			",,
1,"205	5/5/2016 8",":40	29",".352	18600.1			",,
1,"206	5/5/2016 8",":50	29",".552	17222.3			",,
1,"207	5/5/2016 9",":00	29",".652	23422.4			",,
1,"208	5/5/2016 9",":10	29",".953	17222.3			",,
1,"209	5/5/2016 9",":20	30",".054	14466.8			",,
1,"210	5/5/2016 9",":30	30",".255	10333.4			",,
1,"211	5/5/2016 9",":40	30",".356	19977.9			",,
1,"212	5/5/2016 9",":50	30",".457	27555.7			",,
1,"213	5/5/2016 1","0:00	3","0.558	28933.5			",,
1,"214	5/5/2016 1","0:10	3","0.659	27555.7			",,
1,"215	5/5/2016 1","0:20	3","1.166	24800.2			",,
1,"216	5/5/2016 1","0:30	3","1.37	42711.4			",,
1,"217	5/5/2016 1","0:40	3","1.574	38578			",,
1,"218	5/5/2016 1","0:50	3","1.778	49600.3			",,
1,"219	5/5/2016 1","1:00	3","2.086	35822.5			",,
1,"220	5/5/2016 1","1:10	3","2.394	44089.2			",,
1,"221	5/5/2016 1","1:20	3","2.497	20666.8			",,
1,"222	5/5/2016 1","1:30	3","2.704	35822.5			",,
1,"223	5/5/2016 1","1:40	3","3.014	66133.8			",,
1,"224	5/5/2016 1","1:50	3","3.014	52355.9			",,
1,"225	5/5/2016 1","2:00	3","3.118	66133.8			",,
1,"226	5/5/2016 1","2:10	3","3.535	60622.6			",,
1,"227	5/5/2016 1","2:20	3","3.639	126756.4			",,
1,"228	5/5/2016 1","2:30	3","3.014	52355.9			",,
1,"229	5/5/2016 1","2:40	3","3.743	49600.3			",,
1,"230	5/5/2016 1","2:50	3","3.326	57867			",,
1,"231	5/5/2016 1","3:00	3","2.911	14466.8			",,
1,"232	5/5/2016 1","3:10	3","3.535	11711.2			",,
1,"233	5/5/2016 1","3:20	3","3.743	52355.9			",,
1,"234	5/5/2016 1","3:30	3","3.848	41333.6			",,
1,"235	5/5/2016 1","3:40	3","3.639	28933.5			",,
1,"236	5/5/2016 1","3:50	3","3.639	33066.9			",,
1,"237	5/5/2016 1","4:00	3","3.848	104711.8			",,
1,"238	5/5/2016 1","4:10	3","2.6	10677.8			",,
1,"239	5/5/2016 1","4:20	3","3.222	55111.5			",,
1,"240	5/5/2016 1","4:30	3","3.222	38578			",,
1,"241	5/5/2016 1","4:40	3","3.222	22044.6			",,
1,"242	5/5/2016 1","4:50	3","3.639	42711.4			",,
1,"243	5/5/2016 1","5:00	3","4.374	60622.6			",,
1,"244	5/5/2016 1","5:10	3","4.268	49600.3			",,
1,"245	5/5/2016 1","5:20	3","2.911	15155.7			",,
1,"246	5/5/2016 1","5:30	3","1.37	5511.1			",,
1,"247	5/5/2016 1","5:40	3","1.268	11022.3			",,
1,"248	5/5/2016 1","5:50	3","0.76	9300.1			",,
1,"249	5/5/2016 1","6:00	3","0.558	30311.3			",,
1,"250	5/5/2016 1","6:10	3","0.255	11022.3			",,
1,"251	5/5/2016 1","6:20	3","0.457	17911.2			",,
1,"252	5/5/2016 1","6:30	3","0.054	3444.5			",,
1,"253	5/5/2016 1","6:40	2","9.853	8611.2			",,
1,"254	5/5/2016 1","6:50	2","9.853	12400.1			",,
1,"255	5/5/2016 1","7:00	2","9.752	14466.8			",,
1,"256	5/5/2016 1","7:10	2","9.853	5511.1			",,
1,"257	5/5/2016 1","7:20	2","9.853	5166.7			",,
1,"258	5/5/2016 1","7:30	2","9.752	5511.1			",,
1,"259	5/5/2016 1","7:40	2","9.853	3100			",,
1,"260	5/5/2016 1","7:50	2","9.352	2325			",,
1,"261	5/5/2016 1","8:00	2","9.452	2238.9			",,
1,"262	5/5/2016 1","8:10	2","9.452	1237.9			",,
1,"263	5/5/2016 1","8:20	2","9.252	775			",,
1,"264	5/5/2016 1","8:30	2","9.152	333.7			",,
1,"265	5/5/2016 1","8:40	2","9.152	86.1			",,
1,"266	5/5/2016 1","8:50	2","8.953	0			",,
1,"267	5/5/2016 1","9:00	2","8.953	0			",,
1,"268	5/5/2016 1","9:10	2","8.853	0			",,
1,"269	5/5/2016 1","9:20	2","8.853	0			",,
1,"270	5/5/2016 1","9:30	2","8.754	0			",,
1,"271	5/5/2016 1","9:40	2","8.555	0			",,
1,"272	5/5/2016 1","9:50	2","8.555	0			",,
1,"273	5/5/2016 2","0:00	2","8.555	0			",,
1,"274	5/5/2016 2","0:10	2","8.555	0			",,
1,"275	5/5/2016 2","0:20	2","8.456	0			",,
1,"276	5/5/2016 2","0:30	2","8.357	0			",,
1,"277	5/5/2016 2","0:40	2","8.357	0			",,
1,"278	5/5/2016 2","0:50	2","8.357	0			",,
1,"279	5/5/2016 2","1:00	2","8.357	0			",,
1,"280	5/5/2016 2","1:10	2","8.357	0			",,
1,"281	5/5/2016 2","1:20	2","8.258	0			",,
1,"282	5/5/2016 2","1:30	2","8.258	0			",,
1,"283	5/5/2016 2","1:40	2","8.258	0			",,
1,"284	5/5/2016 2","1:50	2","8.159	0			",,
1,"285	5/5/2016 2","2:00	2","8.159	0			",,
1,"286	5/5/2016 2","2:10	2","8.159	0			",,
1,"287	5/5/2016 2","2:20	2","8.159	0			",,
1,"288	5/5/2016 2","2:30	2","8.159	0			",,
1,"289	5/5/2016 2","2:40	2","8.06	0			",,
1,"290	5/5/2016 2","2:50	2","7.961	0			",,
1,"291	5/5/2016 2","3:00	2","7.961	0			",,
1,"292	5/5/2016 2","3:10	2","7.961	0			",,
1,"293	5/5/2016 2","3:20	2","7.862	0			",,
1,"294	5/5/2016 2","3:30	2","7.764	0			",,
1,"295	5/5/2016 2","3:40	2","7.764	0			",,
1,"296	5/5/2016 2","3:50	2","7.665	0			",,
1,"297	5/6/2016 0",":00	27",".567	0			",,
1,"298	5/6/2016 0",":10	27",".567	0			",,
1,"299	5/6/2016 0",":20	27",".567	0			",,
1,"300	5/6/2016 0",":30	27",".567	0			",,
1,"301	5/6/2016 0",":40	27",".468	0			",,
1,"302	5/6/2016 0",":50	27",".468	0			",,
1,"303	5/6/2016 1",":00	27",".37	0			",,
1,"304	5/6/2016 1",":10	27",".37	0			",,
1,"305	5/6/2016 1",":20	27",".272	0			",,
1,"306	5/6/2016 1",":30	27",".272	0			",,
1,"307	5/6/2016 1",":40	27",".173	0			",,
1,"308	5/6/2016 1",":50	27",".173	0			",,
1,"309	5/6/2016 2",":00	27",".173	0			",,
1,"310	5/6/2016 2",":10	27",".468	0			",,
1,"311	5/6/2016 2",":20	27",".665	0			",,
1,"312	5/6/2016 2",":30	27",".567	0			",,
1,"313	5/6/2016 2",":40	27",".764	0			",,
1,"314	5/6/2016 2",":50	27",".764	0			",,
1,"315	5/6/2016 3",":00	27",".764	0			",,
1,"316	5/6/2016 3",":10	27",".862	0			",,
1,"317	5/6/2016 3",":20	27",".862	0			",,
1,"318	5/6/2016 3",":30	27",".862	0			",,
1,"319	5/6/2016 3",":40	27",".862	0			",,
1,"320	5/6/2016 3",":50	27",".764	0			",,
1,"321	5/6/2016 4",":00	27",".764	0			",,
1,"322	5/6/2016 4",":10	27",".862	0			",,
1,"323	5/6/2016 4",":20	27",".862	0			",,
1,"324	5/6/2016 4",":30	27",".764	0			",,
1,"325	5/6/2016 4",":40	27",".862	0			",,
1,"326	5/6/2016 4",":50	27",".764	0			",,
1,"327	5/6/2016 5",":00	27",".764	0			",,
1,"328	5/6/2016 5",":10	27",".764	0			",,
1,"329	5/6/2016 5",":20	27",".862	0			",,
1,"330	5/6/2016 5",":30	27",".961	0			",,
1,"331	5/6/2016 5",":40	27",".961	0			",,
1,"332	5/6/2016 5",":50	27",".961	10.8			",,
1,"333	5/6/2016 6",":00	27",".961	75.3			",,
1,"334	5/6/2016 6",":10	28",".06	279.9			",,
1,"335	5/6/2016 6",":20	28",".06	645.8			",,
1,"336	5/6/2016 6",":30	28",".06	1345.5			",,
1,"337	5/6/2016 6",":40	28",".06	1550			",,
1,"338	5/6/2016 6",":50	28",".06	2238.9			",,
1,"339	5/6/2016 7",":00	28",".159	3272.2			",,
1,"340	5/6/2016 7",":10	28",".159	3616.7			",,
1,"341	5/6/2016 7",":20	28",".357	4133.4			",,
1,"342	5/6/2016 7",":30	28",".357	3444.5			",,
1,"343	5/6/2016 7",":40	28",".456	6200			",,
1,"344	5/6/2016 7",":50	28",".555	5511.1			",,
1,"345	5/6/2016 8",":00	28",".655	7233.4			",,
1,"346	5/6/2016 8",":10	28",".555	6200			",,
1,"347	5/6/2016 8",":20	28",".655	8266.7			",,
1,"348	5/6/2016 8",":30	28",".655	7233.4			",,
1,"349	5/6/2016 8",":40	28",".853	10333.4			",,
1,"350	5/6/2016 8",":50	28",".853	10677.8			",,
1,"351	5/6/2016 9",":00	28",".754	10333.4			",,
1,"352	5/6/2016 9",":10	28",".754	8266.7			",,
1,"353	5/6/2016 9",":20	28",".655	7577.8			",,
1,"354	5/6/2016 9",":30	28",".853	10333.4			",,
1,"355	5/6/2016 9",":40	28",".853	11711.2			",,
1,"356	5/6/2016 9",":50	29",".053	16533.4			",,
1,"357	5/6/2016 1","0:00	2","8.853	5166.7			",,
1,"358	5/6/2016 1","0:10	2","9.152	24800.2			",,
1,"359	5/6/2016 1","0:20	2","9.352	19289			",,
1,"360	5/6/2016 1","0:30	2","9.352	27555.7			",,
1,"361	5/6/2016 1","0:40	2","9.452	20666.8			",,
1,"362	5/6/2016 1","0:50	2","9.552	35822.5			",,
1,"363	5/6/2016 1","1:00	2","9.752	24800.2			",,
1,"364	5/6/2016 1","1:10	2","9.953	26178			",,
1,"365	5/6/2016 1","1:20	3","0.054	22044.6			",,
1,"366	5/6/2016 1","1:30	2","9.953	17911.2			",,
1,"367	5/6/2016 1","1:40	3","0.054	27555.7			",,
1,"368	5/6/2016 1","1:50	3","0.255	27555.7			",,
1,"369	5/6/2016 1","2:00	3","0.154	23422.4			",,
1,"370	5/6/2016 1","2:10	3","0.154	20666.8			",,
1,"371	5/6/2016 1","2:20	3","0.356	24800.2			",,
1,"372	5/6/2016 1","2:30	3","0.356	24800.2			",,
1,"373	5/6/2016 1","2:40	3","0.457	34444.7			",,
1,"374	5/6/2016 1","2:50	3","0.558	33066.9			",,
1,"375	5/6/2016 1","3:00	3","0.255	12400.1			",,
1,"376	5/6/2016 1","3:10	3","0.558	30311.3			",,
1,"377	5/6/2016 1","3:20	3","0.76	28933.5			",,
1,"378	5/6/2016 1","3:30	3","0.659	27555.7			",,
1,"379	5/6/2016 1","3:40	3","0.659	22044.6			",,
1,"380	5/6/2016 1","3:50	3","0.659	31689.1			",,
1,"381	5/6/2016 1","4:00	3","0.659	31689.1			",,
1,"382	5/6/2016 1","4:10	3","0.862	31689.1			",,
1,"383	5/6/2016 1","4:20	3","1.064	24800.2			",,
1,"384	5/6/2016 1","4:30	3","0.76	15844.5			",,
1,"385	5/6/2016 1","4:40	3","0.76	14466.8			",,
1,"386	5/6/2016 1","4:50	3","0.558	19977.9			",,
1,"387	5/6/2016 1","4:50		","	Logged		",,
1,"388	5/6/2016 1","4:50		","		Logged	Logged",,
